id,name,isin,symbol,from,to
14811539,2CRSI PROMESSES,FR0013341781,2CRSI,1971-01-06/P1D,2021-01-06T16:21:05.6862495+01:00
867867,AB Science,FR0010557264,AB,1971-01-06/P1D,2021-01-06T16:21:08.6746189+01:00
867126,ABC Arbitrage,FR0004040608,ABCA,1971-01-06/P1D,2021-01-06T16:21:11.6249792+01:00
11664393,Abéo,FR0013185857,ABEO,1971-01-06/P1D,2021-01-06T16:21:14.3108696+01:00
5830659,Abionyx Pharma SA,FR0012616852,ABNX,1971-01-06/P1D,2021-01-06T16:21:18.2843502+01:00
7024761,Abivax,FR0012333284,ABVX,1971-01-06/P1D,2021-01-06T16:21:21.3527286+01:00
255647,Acanthe Developpement,FR0000064602,ACAN,1971-01-06/P1D,2021-01-06T16:21:25.6612679+01:00
255882,Accor,FR0000120404,AC,1971-01-06/P1D,2021-01-06T16:21:35.0413939+01:00
866232,Acteos,FR0000076861,EOS,1971-01-06/P1D,2021-01-06T16:21:39.378927+01:00
866230,Actia Group,FR0000076655,ATI,1971-01-06/P1D,2021-01-06T16:21:42.445305+01:00
866101,ADL Partner,FR0000062978,ALP,1971-01-06/P1D,2021-01-06T16:21:45.5525653+01:00
1748170,Adocia,FR0011184241,ADOC,1971-01-06/P1D,2021-01-06T16:21:49.6970173+01:00
867158,Advenis,FR0004152874,ADV,1971-01-06/P1D,2021-01-06T16:21:53.1283664+01:00
14136664,ADVICENNE PROMESSE,FR0013296746,ADVIC,1971-01-06/P1D,2021-01-06T16:21:57.447759+01:00
75199,Aéroports de Paris,FR0010340141,ADP,1971-01-06/P1D,2021-01-06T16:22:01.2735295+01:00
64346,Air France-KLM,FR0000031122,AF,1971-01-06/P1D,2021-01-06T16:22:07.9091235+01:00
65005,Air Liquide,FR0000120073,AI,1971-01-06/P1D,2021-01-06T16:22:14.7454065+01:00
96008,AIRBUS,NL0000235190,AIR,1971-01-06/P1D,2021-01-06T16:22:18.0367037+01:00
867195,Akka Technologies,FR0004180537,AKA,1971-01-06/P1D,2021-01-06T16:22:20.9779731+01:00
866014,AKWEL,FR0000053027,MGIC,1971-01-06/P1D,2021-01-06T16:22:24.0872518+01:00
255528,Albioma,FR0000060402,ABIO,1971-01-06/P1D,2021-01-06T16:22:26.9602208+01:00
13637106,ALD S.A.,FR0013258662,ALD,1971-01-06/P1D,2021-01-06T16:22:30.1565085+01:00
72160,Alstom,FR0010220475,ALO,1971-01-06/P1D,2021-01-06T16:22:46.8152294+01:00
865908,Altaréa,FR0000033219,ALTA,1971-01-06/P1D,2021-01-06T16:22:52.0997099+01:00
255716,Alten,FR0000071946,ATE,1971-01-06/P1D,2021-01-06T16:22:55.3419964+01:00
7190778,Amoéba Biocide,FR0011051598,AMEBA,1971-01-06/P1D,2021-01-06T16:22:58.1332506+01:00
7072546,Amplitude Surgical,FR0012789667,AMPLI,1971-01-06/P1D,2021-01-06T16:23:00.8224898+01:00
8379136,Amundi,FR0004125920,AMUN,1971-01-06/P1D,2021-01-06T16:23:03.7101152+01:00
1184857,Aperam,LU0569974404,APAM,1971-01-06/P1D,2021-01-06T16:23:06.779742+01:00
13519350,ARCELORMITTAL S.A.,LU1598757687,MT,1971-01-06/P1D,2021-01-06T16:23:09.9030253+01:00
866283,Archos,FR0000182479,JXR,1971-01-06/P1D,2021-01-06T16:23:13.2103287+01:00
265438,Arkema,FR0010313833,AKE,1971-01-06/P1D,2021-01-06T16:23:16.513625+01:00
866211,Artprice.com,FR0000074783,PRC,1971-01-06/P1D,2021-01-06T16:23:22.3128375+01:00
5139985,ASSISTANCE TECH.+ET.DE MAT.EL.,FR0011992700,ATEME,1971-01-06/P1D,2021-01-06T16:23:31.4279077+01:00
866198,Assystem,FR0000074148,ASY,1971-01-06/P1D,2021-01-06T16:23:34.6832031+01:00
866233,AST Groupe,FR0000076887,ASP,1971-01-06/P1D,2021-01-06T16:23:37.4984623+01:00
125409,Atari,FR0010478248,ATA,1971-01-06/P1D,2021-01-06T16:23:40.6547388+01:00
255429,Atos,FR0000051732,ATO,1971-01-06/P1D,2021-01-06T16:23:43.5159961+01:00
866111,Aubay,FR0000063737,AUB,1971-01-06/P1D,2021-01-06T16:23:46.4542615+01:00
255347,Aurea,FR0000039232,AURE,1971-01-06/P1D,2021-01-06T16:23:49.6316599+01:00
10771758,Aures Technologies,FR0013183589,AURS,1971-01-06/P1D,2021-01-06T16:23:52.6009203+01:00
865902,Aviation Latécoère,FR0000032278,LAT,1971-01-06/P1D,2021-01-06T16:23:55.4870015+01:00
65038,AXA S.A.,FR0000120628,CS,1971-01-06/P1D,2021-01-06T16:24:04.4471659+01:00
1744880,Axway Software,FR0011040500,AXW,1971-01-06/P1D,2021-01-06T16:24:10.1826793+01:00
13593202,BALYO S.A.,FR0013258399,BALYO,1971-01-06/P1D,2021-01-06T16:24:13.9160306+01:00
865922,Bastide le Confort,FR0000035370,BLC,1971-01-06/P1D,2021-01-06T16:24:16.6592926+01:00
255273,Beneteau,FR0000035164,BEN,1971-01-06/P1D,2021-01-06T16:24:22.7063437+01:00
866196,Bigben Interactive,FR0000074072,BIG,1971-01-06/P1D,2021-01-06T16:24:25.9241755+01:00
13895931,BioMérieux,FR0013280286,BIM,1971-01-06/P1D,2021-01-06T16:24:29.0624731+01:00
65147,BNP Paribas,FR0000131104,BNP,1971-01-06/P1D,2021-01-06T16:24:32.1757408+01:00
255549,Boiron,FR0000061129,BOI,1971-01-06/P1D,2021-01-06T16:24:35.2040319+01:00
255349,Bolloré,FR0000039299,BOL,1971-01-06/P1D,2021-01-06T16:24:38.1633185+01:00
255620,Bonduelle,FR0000063935,BON,1971-01-06/P1D,2021-01-06T16:24:49.0073626+01:00
65028,Bouygues,FR0000120503,EN,1971-01-06/P1D,2021-01-06T16:24:57.2920765+01:00
67843,Bureau Veritas,FR0006174348,BVI,1971-01-06/P1D,2021-01-06T16:25:00.1694441+01:00
8129469,Capelli,FR0012969095,CAPLI,1971-01-06/P1D,2021-01-06T16:25:03.2767402+01:00
255943,Capgemini,FR0000125338,CAP,1971-01-06/P1D,2021-01-06T16:25:06.3163553+01:00
65009,Carrefour,FR0000120172,CA,1971-01-06/P1D,2021-01-06T16:25:09.326902+01:00
869424,Carrefour Property Development,FR0010828137,CARD,1971-01-06/P1D,2021-01-06T16:25:12.3341904+01:00
65113,Casino Guichard,FR0000125585,CO,1971-01-06/P1D,2021-01-06T16:25:15.3904689+01:00
866185,Cast,FR0000072894,CAS,1971-01-06/P1D,2021-01-06T16:25:18.6757654+01:00
867303,Catana Group,FR0010193052,CATG,1971-01-06/P1D,2021-01-06T16:25:38.4377843+01:00
866130,Catering International Services,FR0000064446,CTRG,1971-01-06/P1D,2021-01-06T16:25:41.3422735+01:00
867304,Cbo Territoria,FR0010193979,CBOT,1971-01-06/P1D,2021-01-06T16:25:44.3436347+01:00
1089230,Cegedim,FR0000053506,CGM,1971-01-06/P1D,2021-01-06T16:25:50.7024084+01:00
10978081,CGG S.A.,FR0013181864,CGG,1971-01-06/P1D,2021-01-06T16:25:53.8207908+01:00
866282,Chargeurs,FR0000130692,CRI,1971-01-06/P1D,2021-01-06T16:25:56.775151+01:00
866033,Cibox Interactive,FR0000054322,CIB,1971-01-06/P1D,2021-01-06T16:25:59.6774343+01:00
255874,CNP Assurances,FR0000120222,CNP,1971-01-06/P1D,2021-01-06T16:26:14.1692181+01:00
5129552,Coface,FR0010667147,COFA,1971-01-06/P1D,2021-01-06T16:26:20.4637096+01:00
867115,Coheris,FR0004031763,COH,1971-01-06/P1D,2021-01-06T16:26:25.1497284+01:00
255464,Compagnie des Alpes,FR0000053324,CDA,1971-01-06/P1D,2021-01-06T16:26:28.4228525+01:00
64779,COVIVIO,FR0000064578,COV,1971-01-06/P1D,2021-01-06T16:26:31.7934536+01:00
64515,Crédit Agricole,FR0000045072,ACA,1971-01-06/P1D,2021-01-06T16:26:35.0317686+01:00
867248,CS Communication & Systèmes,FR0007317813,SX,1971-01-06/P1D,2021-01-06T16:26:38.1390642+01:00
1743578,Dalet,FR0011026749,DLT,1971-01-06/P1D,2021-01-06T16:26:40.8481329+01:00
65041,Danone,FR0000120644,BN,1971-01-06/P1D,2021-01-06T16:26:50.984048+01:00
255924,Dassault Aviation,FR0000121725,AM,1971-01-06/P1D,2021-01-06T16:26:54.690411+01:00
255974,Dassault Systèmes,FR0000130650,DSY,1971-01-06/P1D,2021-01-06T16:27:01.197043+01:00
1748359,DBV Technologies,FR0010417345,DBV,1971-01-06/P1D,2021-01-06T16:27:04.5443569+01:00
13908423,DELTA PLUS GROUP S.A.,FR0013283108,DLTA,1971-01-06/P1D,2021-01-06T16:27:08.2997212+01:00
255466,Derichebourg,FR0000053381,DBG,1971-01-06/P1D,2021-01-06T16:27:11.1035469+01:00
255750,Devoteam,FR0000073793,DVT,1971-01-06/P1D,2021-01-06T16:27:14.4628707+01:00
11006265,Diagnostic Medical,FR0012202497,DGM,1971-01-06/P1D,2021-01-06T16:27:17.6941826+01:00
867626,DNXcorp,FR0010436584,DNX,1971-01-06/P1D,2021-01-06T16:27:34.1986436+01:00
842268,Edenred,FR0010908533,EDEN,1971-01-06/P1D,2021-01-06T16:27:37.0389173+01:00
72906,EDF - Electricité de France Prime de Fidelite 2019,FR0010242511,EDF,1971-01-06/P1D,2021-01-06T16:27:39.9046701+01:00
866178,Egide,FR0000072373,GID,1971-01-06/P1D,2021-01-06T16:27:42.9259609+01:00
255969,Eiffage,FR0000130452,FGR,1971-01-06/P1D,2021-01-06T16:27:45.9262506+01:00
1994136,Ekinops,FR0011466069,EKI,1971-01-06/P1D,2021-01-06T16:27:48.7115164+01:00
5104846,Elior Group,FR0011950732,ELIOR,1971-01-06/P1D,2021-01-06T16:27:51.4837823+01:00
5577144,Elis,FR0012435121,ELIS,1971-01-06/P1D,2021-01-06T16:27:54.4690722+01:00
71981,Engie,FR0010208488,ENGI,1971-01-06/P1D,2021-01-06T16:27:57.2653501+01:00
1748182,EOS Imaging,FR0011191766,EOSI,1971-01-06/P1D,2021-01-06T16:28:12.8727654+01:00
255979,Eramet,FR0000131757,ERA,1971-01-06/P1D,2021-01-06T16:28:16.1080561+01:00
2198408,Erytech Pharma,FR0011471135,ERYP,1971-01-06/P1D,2021-01-06T16:28:19.5713663+01:00
867154,ESI Group,FR0004110310,ESI,1971-01-06/P1D,2021-01-06T16:28:22.8606602+01:00
65079,Essilor,FR0000121667,EL,1971-01-06/P1D,2021-01-06T16:28:25.8871481+01:00
255894,Esso,FR0000120669,ES,1971-01-06/P1D,2021-01-06T16:28:28.8842649+01:00
65055,Eurazeo,FR0000121121,RF,1971-01-06/P1D,2021-01-06T16:28:32.197557+01:00
5113448,Euronext,NL0006294274,ENX,1971-01-06/P1D,2021-01-06T16:28:35.2670544+01:00
867717,EuropaCorp,FR0010490920,ECP,1971-01-06/P1D,2021-01-06T16:28:38.2243174+01:00
7072547,Europcar Groupe,FR0012789949,EUCAR,1971-01-06/P1D,2021-01-06T16:28:54.8336387+01:00
262997,Eutelsat Communications,FR0010221234,ETL,1971-01-06/P1D,2021-01-06T16:29:03.3576605+01:00
255903,Faurecia,FR0000121147,EO,1971-01-06/P1D,2021-01-06T16:29:06.3330259+01:00
5028240,Fermentalg,FR0011271600,FALG,1971-01-06/P1D,2021-01-06T16:29:12.3229195+01:00
255651,FFP S.A.,FR0000064784,FFP,1971-01-06/P1D,2021-01-06T16:29:15.174192+01:00
4913260,Figeac Aéro,FR0011665280,FGA,1971-01-06/P1D,2021-01-06T16:29:18.0464708+01:00
866209,Fleury Michon,FR0000074759,FLE,1971-01-06/P1D,2021-01-06T16:29:21.0127531+01:00
1538408,Foncière Paris Nord,FR0011277391,FPN,1971-01-06/P1D,2021-01-06T16:29:23.9830393+01:00
10498398,Française de l’Energie,FR0013030152,LFDE,1971-01-06/P1D,2021-01-06T16:29:31.4515228+01:00
4995703,Gaztransport & Technigaz,FR0011726835,GTT,1971-01-06/P1D,2021-01-06T16:29:36.829869+01:00
68274,Gecina,FR0010040865,GFC,1971-01-06/P1D,2021-01-06T16:29:39.6131304+01:00
867737,Generix,FR0010501692,GENX,1971-01-06/P1D,2021-01-06T16:29:47.807927+01:00
10160332,GeNeuro,CH0308403085,GNRO,1971-01-06/P1D,2021-01-06T16:29:50.5771923+01:00
867175,Genfit,FR0004163111,GNFT,1971-01-06/P1D,2021-01-06T16:29:53.2576249+01:00
5022625,Genomic Vision,FR0011799907,GV,1971-01-06/P1D,2021-01-06T16:29:56.1069027+01:00
10885382,GenSight Biologics,FR0013183985,SIGHT,1971-01-06/P1D,2021-01-06T16:29:58.9591732+01:00
79478,GETLINK SE,FR0010533075,GET,1971-01-06/P1D,2021-01-06T16:30:01.6304357+01:00
866163,GL Events,FR0000066672,GLO,1971-01-06/P1D,2021-01-06T16:30:04.4817066+01:00
866015,Grenobloise d'Electronique et d'Automatismes,FR0000053035,GEA,1971-01-06/P1D,2021-01-06T16:30:11.371066+01:00
865933,Groupe Crit,FR0000036675,CEN,1971-01-06/P1D,2021-01-06T16:30:18.0136716+01:00
258554,Groupe Flo,FR0004076891,FLO,1971-01-06/P1D,2021-01-06T16:30:26.170678+01:00
4610049,Groupe Fnac,FR0011476928,FNAC,1971-01-06/P1D,2021-01-06T16:30:29.002927+01:00
866092,Groupe Gorgé,FR0000062671,GOE,1971-01-06/P1D,2021-01-06T16:30:31.8771911+01:00
866217,GROUPE LDLC,FR0000075442,LDL,1971-01-06/P1D,2021-01-06T16:30:34.6934493+01:00
867137,Groupe Open,FR0004050300,OPN,1971-01-06/P1D,2021-01-06T16:30:43.8676115+01:00
5774494,Groupe Partouche,FR0012612646,PARP,1971-01-06/P1D,2021-01-06T16:30:47.1425587+01:00
867163,Groupe SFPI,FR0004155000,SFPI,1971-01-06/P1D,2021-01-06T16:30:52.0469516+01:00
255237,Guerbet,FR0000032526,GBT,1971-01-06/P1D,2021-01-06T16:30:55.4942619+01:00
866166,Guillemot,FR0000066722,GUI,1971-01-06/P1D,2021-01-06T16:31:02.8169203+01:00
255702,Haulotte Group,FR0000066755,PIG,1971-01-06/P1D,2021-01-06T16:31:06.5952573+01:00
255435,Hermès International,FR0000052292,RMS,1971-01-06/P1D,2021-01-06T16:31:09.822556+01:00
865957,HF Company,FR0000038531,HF,1971-01-06/P1D,2021-01-06T16:31:13.0778509+01:00
866032,High Co,FR0000054231,HCO,1971-01-06/P1D,2021-01-06T16:31:17.222843+01:00
7388348,HiMedia Group,FR0012821890,HIM,1971-01-06/P1D,2021-01-06T16:31:23.3225824+01:00
7388349,HiPay Group,FR0012821916,HIPAY,1971-01-06/P1D,2021-01-06T16:31:26.975027+01:00
866142,Hopscotch Groupe,FR0000065278,HOP,1971-01-06/P1D,2021-01-06T16:31:29.8803885+01:00
255271,Icade,FR0000035081,ICAD,1971-01-06/P1D,2021-01-06T16:31:36.3561749+01:00
1748429,ID Logistics,FR0010929125,IDL,1971-01-06/P1D,2021-01-06T16:31:40.2133196+01:00
866002,IDI S.C.A.,FR0000051393,IDIP,1971-01-06/P1D,2021-01-06T16:31:43.4823004+01:00
258506,Iliad,FR0004035913,ILD,1971-01-06/P1D,2021-01-06T16:31:46.3936434+01:00
65049,Imerys,FR0000120859,NK,1971-01-06/P1D,2021-01-06T16:31:49.6870473+01:00
866172,Infotel,FR0000071797,INF,1971-01-06/P1D,2021-01-06T16:31:54.2876088+01:00
867446,Innate Pharma,FR0010331421,IPH,1971-01-06/P1D,2021-01-06T16:31:57.1019559+01:00
866124,Innelec Multimedia,FR0000064297,INN,1971-01-06/P1D,2021-01-06T16:31:59.9602988+01:00
867106,Interparfums,FR0004024222,ITP,1971-01-06/P1D,2021-01-06T16:32:07.9451674+01:00
13033360,INVENTIVA S.A.,FR0013233012,IVA,1971-01-06/P1D,2021-01-06T16:32:28.0772557+01:00
264031,Ipsen,FR0010259150,IPN,1971-01-06/P1D,2021-01-06T16:32:30.7400807+01:00
255744,Ipsos,FR0000073298,IPS,1971-01-06/P1D,2021-01-06T16:32:33.5924249+01:00
866183,IT Link,FR0000072597,ITL,1971-01-06/P1D,2021-01-06T16:32:42.2202102+01:00
867107,Itesoft,FR0004026151,ITE,1971-01-06/P1D,2021-01-06T16:32:46.3537274+01:00
7441492,Jacques Bogart,FR0012872141,JBOG,1971-01-06/P1D,2021-01-06T16:33:03.66457+01:00
255259,Jacquet Metal,FR0000033904,JCQ,1971-01-06/P1D,2021-01-06T16:33:13.8724564+01:00
255841,JCDecaux,FR0000077919,DEC,1971-01-06/P1D,2021-01-06T16:33:16.6857907+01:00
867101,Kaufman et Broad,FR0004007813,KOF,1971-01-06/P1D,2021-01-06T16:33:19.7321673+01:00
255914,Kering,FR0000121485,KER,1971-01-06/P1D,2021-01-06T16:33:22.7795305+01:00
867110,Keyrus,FR0004029411,KEY,1971-01-06/P1D,2021-01-06T16:33:25.9039064+01:00
65087,Klépierre,FR0000121964,LI,1971-01-06/P1D,2021-01-06T16:33:48.0533539+01:00
266743,Korian,FR0010386334,KORI,1971-01-06/P1D,2021-01-06T16:33:51.3607578+01:00
65018,L'Oréal,FR0000120321,OR,1971-01-06/P1D,2021-01-06T16:33:54.318117+01:00
866162,Lacroix,FR0000066607,LACR,1971-01-06/P1D,2021-01-06T16:33:57.5347032+01:00
255961,Lagardère,FR0000130213,MMB,1971-01-06/P1D,2021-01-06T16:34:00.7030885+01:00
867184,Le Noble Age,FR0004170017,LNA,1971-01-06/P1D,2021-01-06T16:34:03.8820015+01:00
866273,Lebon,FR0000121295,LBON,1971-01-06/P1D,2021-01-06T16:34:08.2735384+01:00
866147,Lectra,FR0000065484,LSS,1971-01-06/P1D,2021-01-06T16:34:15.8545787+01:00
74306,Legrand,FR0010307819,LR,1971-01-06/P1D,2021-01-06T16:34:21.6782912+01:00
258583,Linedata Services,FR0004156297,LIN,1971-01-06/P1D,2021-01-06T16:34:28.1257669+01:00
255412,LISI S.A.,FR0000050353,FII,1971-01-06/P1D,2021-01-06T16:34:31.2501434+01:00
865954,LUMIBIRD,FR0000038242,LBIRD,1971-01-06/P1D,2021-01-06T16:34:34.1354996+01:00
65053,LVMH MOET HENN. L. VUITTON SE,FR0000121014,MC,1971-01-06/P1D,2021-01-06T16:34:37.166868+01:00
12970966,LYSOGENE S.A.,FR0013233475,LYS,1971-01-06/P1D,2021-01-06T16:34:39.9801921+01:00
255460,M6 Métropole Télévision,FR0000053225,MMT,1971-01-06/P1D,2021-01-06T16:34:46.0459353+01:00
10419567,Maisons du Monde,FR0013153541,MDM,1971-01-06/P1D,2021-01-06T16:34:48.8752747+01:00
867173,Maisons France Confort,FR0004159473,MFC,1971-01-06/P1D,2021-01-06T16:34:51.7166248+01:00
255333,Manitou BF,FR0000038606,MTU,1971-01-06/P1D,2021-01-06T16:35:04.6826007+01:00
866063,Marie Brizard Wine & Spirits,FR0000060873,MBWS,1971-01-06/P1D,2021-01-06T16:35:13.8228491+01:00
1745140,Mauna Kea Technologies,FR0010609263,MKEA,1971-01-06/P1D,2021-01-06T16:35:16.9691983+01:00
255420,Maurel & Prom,FR0000051070,MAU,1971-01-06/P1D,2021-01-06T16:35:20.4356261+01:00
5006453,McPhy Energy,FR0011742329,MCPHY,1971-01-06/P1D,2021-01-06T16:35:23.3989845+01:00
866128,Media 6,FR0000064404,EDI,1971-01-01/P1D,2021-01-06T16:35:29.7031156+01:00
867379,Memscap,FR0010298620,MEMS,1971-01-06/P1D,2021-01-06T16:35:32.6834775+01:00
263733,Mercialys,FR0010241638,MERY,1971-01-06/P1D,2021-01-06T16:35:41.667574+01:00
64480,Mersen,FR0000039620,MRN,1971-01-06/P1D,2021-01-06T16:35:48.4466521+01:00
258621,Metabolic Explorer,FR0004177046,METEX,1971-01-06/P1D,2021-01-06T16:35:54.0593391+01:00
65063,Michelin,FR0000121261,ML,1971-01-06/P1D,2021-01-06T16:35:57.0627983+01:00
866246,Micropole,FR0000077570,MUN,1971-01-06/P1D,2021-01-06T16:36:00.624229+01:00
4814091,MND,FR0011584549,MND,1971-01-06/P1D,2021-01-06T16:36:03.5112064+01:00
1813095,Nanobiotix,FR0011341205,NANO,1971-01-06/P1D,2021-01-06T16:36:06.2585386+01:00
65044,Natixis,FR0000120685,KN,1971-01-06/P1D,2021-01-06T16:36:12.461297+01:00
867161,Netgem,FR0004154060,NTG,1971-01-06/P1D,2021-01-06T16:36:23.9425956+01:00
865973,Nexans,FR0000044448,NEX,1971-01-06/P1D,2021-01-06T16:36:28.3018715+01:00
69484,Nexity,FR0010112524,NXI,1971-01-06/P1D,2021-01-06T16:36:31.3004927+01:00
8566939,NicOx,FR0013018124,COX,1971-01-06/P1D,2021-01-06T16:36:34.3087835+01:00
866006,Oeneo,FR0000052680,SBT,1971-01-06/P1D,2021-01-06T16:36:37.2600632+01:00
867612,OL Groupe,FR0010428771,OLG,1971-01-06/P1D,2021-01-06T16:36:40.3733635+01:00
867271,Onxeo,FR0010095596,ONXEO,1971-01-06/P1D,2021-01-06T16:36:43.2207429+01:00
65156,Orange,FR0000133308,ORA,1971-01-06/P1D,2021-01-06T16:36:46.1480278+01:00
11102322,Orchestra-Prémaman,FR0013190410,KAZI,1970-03-28/P1D,2021-01-06T16:36:49.1228862+01:00
255992,Orpea,FR0000184798,ORP,1971-01-06/P1D,2021-01-06T16:36:52.0384661+01:00
5830658,OSE IMMUNO,FR0012127173,OSE,1971-01-06/P1D,2021-01-06T16:37:03.312441+01:00
14553580,PARAGON ID S.A.,FR0013318813,PID,1971-01-06/P1D,2021-01-06T16:37:08.3489221+01:00
258514,Parrot,FR0004038263,PARRO,1971-01-06/P1D,2021-01-06T16:37:13.0493746+01:00
865955,Passat,FR0000038465,PSAT,1971-01-06/P1D,2021-01-06T16:37:15.9246326+01:00
65045,Pernod Ricard,FR0000120693,RI,1971-01-06/P1D,2021-01-06T16:37:18.8448942+01:00
65074,Peugeot,FR0000121501,UG,1971-01-06/P1D,2021-01-06T16:37:25.0444534+01:00
7496874,Pharmagest Interactive,FR0012882389,PHA,1971-01-06/P1D,2021-01-06T16:37:27.9368905+01:00
255740,Pierre Vacances,FR0000073041,VAC,1971-01-06/P1D,2021-01-06T16:37:30.894547+01:00
5109974,Pixium Vision,FR0011950641,PIX,1971-01-06/P1D,2021-01-06T16:37:33.5975069+01:00
867328,Pizzorno Environnement,FR0010214064,GPE,1971-01-06/P1D,2021-01-06T16:37:37.1068181+01:00
866280,Plastic Omnium,FR0000124570,POM,1971-01-06/P1D,2021-01-06T16:37:47.6216128+01:00
13474471,PLASTIQUES DU VAL DE LOIRE SA,FR0013252186,PVL,1971-01-06/P1D,2021-01-06T16:37:55.4643161+01:00
5565619,Poxel,FR0012432516,POXEL,1971-01-06/P1D,2021-01-06T16:37:58.2115731+01:00
866061,Precia,FR0000060832,PREC,1971-01-06/P1D,2021-01-06T16:38:01.0988227+01:00
13498854,PRODWAYS GROUP S.A.,FR0012613610,PWG,1971-01-06/P1D,2021-01-06T16:38:06.873022+01:00
867550,Prologue,FR0010380626,PROL,1971-01-06/P1D,2021-01-06T16:38:09.5928098+01:00
866053,PSB Industries,FR0000060329,PSB,1971-01-06/P1D,2021-01-06T16:38:12.4260744+01:00
255971,Publicis Groupe,FR0000130577,PUB,1971-01-06/P1D,2021-01-06T16:38:15.3503306+01:00
866272,QUADIENT,FR0000120560,QDT,1971-01-06/P1D,2021-01-06T16:38:18.3165932+01:00
255881,Recylex,FR0000120388,RX,1970-05-14/P1D,2021-01-06T16:38:32.7357398+01:00
255967,Rémy Cointreau,FR0000130395,RCO,1971-01-06/P1D,2021-01-06T16:38:38.8797372+01:00
65153,Renault,FR0000131906,RNO,1971-01-06/P1D,2021-01-06T16:38:41.8820028+01:00
268281,Rexel,FR0010451203,RXL,1971-01-06/P1D,2021-01-06T16:38:44.82327+01:00
866221,Riber,FR0000075954,RIB,1971-01-06/P1D,2021-01-06T16:38:47.8795485+01:00
865963,Robertet,FR0000039091,RBT,1971-01-06/P1D,2021-01-06T16:38:50.7448089+01:00
865899,Rothschild & Co,FR0000031684,ROTH,1971-01-06/P1D,2021-01-06T16:38:53.9040855+01:00
13766283,RUBIS S.C.A.,FR0013269123,RUI,1971-01-06/P1D,2021-01-06T16:38:56.8483544+01:00
866030,S.T. Dupont,FR0000054199,DPT,1971-01-06/P1D,2021-01-06T16:39:03.5853635+01:00
64879,Safran,FR0000073272,SAF,1971-01-06/P1D,2021-01-06T16:39:12.0658717+01:00
65104,Saint-Gobain,FR0000125007,SGO,1971-01-06/P1D,2021-01-06T16:39:15.2011675+01:00
65036,Sanofi,FR0000120578,SAN,1971-01-06/P1D,2021-01-06T16:39:18.2134591+01:00
10320822,Sartorius Stedim Biotech,FR0013154002,DIM,1971-01-06/P1D,2021-01-06T16:39:21.2112232+01:00
65088,Schneider Electric,FR0000121972,SU,1971-01-06/P1D,2021-01-06T16:39:24.3866724+01:00
267265,SCOR,FR0010411983,SCR,1971-01-06/P1D,2021-01-06T16:39:27.4139634+01:00
255923,SEB,FR0000121709,SK,1971-01-06/P1D,2021-01-06T16:39:30.431263+01:00
255344,Séché Environnement,FR0000039109,SCHP,1971-01-06/P1D,2021-01-06T16:39:33.3795398+01:00
5113440,Serge Ferrari Group,FR0011950682,SEFER,1971-01-06/P1D,2021-01-06T16:39:36.3728263+01:00
91915,SES S.A.,LU0088087324,SESG,1971-01-06/P1D,2021-01-06T16:39:58.9672308+01:00
866059,Signaux Girod,FR0000060790,GIRO,1971-01-06/P1D,2021-01-06T16:40:02.5495677+01:00
13962318,SMCP S.A.S.,FR0013214145,SMCP,1971-01-06/P1D,2021-01-06T16:40:05.2838351+01:00
255899,SOCIETE BIC S.A.,FR0000120966,BB,1971-01-06/P1D,2021-01-06T16:40:08.1191065+01:00
65145,Société Générale,FR0000130809,GLE,1971-01-06/P1D,2021-01-06T16:40:11.2023986+01:00
255904,Sodexo,FR0000121220,SW,1971-01-06/P1D,2021-01-06T16:40:14.3187029+01:00
866152,Sogeclair,FR0000065864,SOG,1971-01-06/P1D,2021-01-06T16:40:17.2440843+01:00
12981967,Soitec,FR0013227113,SOI,1971-01-06/P1D,2021-01-06T16:40:20.4543973+01:00
180567,Solvay,BE0003470755,SOLB,1971-01-06/P1D,2021-01-06T16:40:38.7651567+01:00
255417,Sopra Steria Group,FR0000050809,SOP,1971-01-06/P1D,2021-01-06T16:40:42.1410805+01:00
6677338,Spie,FR0012757854,SPIE,1971-01-06/P1D,2021-01-06T16:40:45.1403665+01:00
1803270,SQLI S.A.,FR0011289040,SQI,1971-01-06/P1D,2021-01-06T16:40:51.3969688+01:00
8278015,SRP Groupe,FR0013006558,SRP,1971-01-06/P1D,2021-01-06T16:40:54.0932281+01:00
1740970,Stentys,FR0010949404,STNT,1969-07-23/P1D,2021-01-06T16:40:57.5605615+01:00
95999,STMicroelectronics,NL0000226223,STM,1971-01-06/P1D,2021-01-06T16:41:00.5058616+01:00
140134,Suez,FR0010613471,SEV,1971-01-06/P1D,2021-01-06T16:41:16.1530336+01:00
5027494,SuperSonic Imagine,FR0010526814,SSI,1971-01-06/P1D,2021-01-06T16:41:19.0012882+01:00
258625,Sword Group,FR0004180578,SWP,1971-01-06/P1D,2021-01-06T16:41:21.9165499+01:00
865906,Synergie,FR0000032658,SDG,1971-01-06/P1D,2021-01-06T16:41:24.817811+01:00
4841670,Tarkett,FR0004188670,TKTT,1971-01-06/P1D,2021-01-06T16:41:27.6110639+01:00
12763738,TechnipFMC,GB00BDSFG982,FTI,1971-01-06/P1D,2021-01-06T16:41:30.2593048+01:00
255430,Teleperformance,FR0000051807,RCF,1971-01-06/P1D,2021-01-06T16:41:33.1335597+01:00
64640,TELEVISION FSE 1 S.A. (TF1),FR0000054900,TFI,1971-01-06/P1D,2021-01-06T16:41:36.2048368+01:00
65067,Thales,FR0000121329,HO,1971-01-06/P1D,2021-01-06T16:41:42.5124026+01:00
866065,Tivoly,FR0000060949,TVLY,1971-01-06/P1D,2021-01-06T16:41:56.5232237+01:00
65015,Total,FR0000120271,FP,1971-01-06/P1D,2021-01-06T16:42:01.5415386+01:00
275091,Total Gabon,GA0000121459,EC,1971-01-06/P1D,2021-01-06T16:42:04.6759326+01:00
865907,Touax,FR0000033003,TOUP,1971-01-06/P1D,2021-01-06T16:42:07.5809111+01:00
258655,Transgene,FR0005175080,TNG,1971-01-06/P1D,2021-01-06T16:42:10.4401675+01:00
258671,Trigano,FR0005691656,TRI,1971-01-06/P1D,2021-01-06T16:42:13.3824331+01:00
867104,Tunnel Prado Carénage,FR0004016699,SMTPC,1971-01-06/P1D,2021-01-06T16:42:16.4347039+01:00
867562,Turenne Investissement,FR0010395681,ALTUR,1971-01-06/P1D,2021-01-06T16:42:19.4140987+01:00
255496,Ubisoft Entertainment,FR0000054470,UBI,1971-01-06/P1D,2021-01-06T16:42:34.0225098+01:00
14737271,UNIBAIL-RODAMCO-WESTFIELD SE,FR0013326246,URW,1971-01-06/P1D,2021-01-06T16:42:38.0777408+01:00
866201,UTI Group,FR0000074197,FPG,1971-01-06/P1D,2021-01-06T16:42:47.7866198+01:00
10487841,Valeo,FR0013176526,FR,1971-01-06/P1D,2021-01-06T16:42:50.7318781+01:00
867142,Valneva,FR0004056851,VLA,1971-01-06/P1D,2021-01-06T16:42:53.6161425+01:00
255931,Veolia Environnement,FR0000124141,VIE,1971-01-06/P1D,2021-01-06T16:42:56.5954158+01:00
1748209,VERIMATRIX SA,FR0010291245,VMX,1971-01-06/P1D,2021-01-06T16:43:29.4056451+01:00
255230,Vicat,FR0000031775,VCT,1971-01-06/P1D,2021-01-06T16:43:34.5791458+01:00
255436,Vilmorin,FR0000052516,RIN,1971-01-06/P1D,2021-01-06T16:43:37.7503661+01:00
65111,VINCI S.A.,FR0000125486,DG,1971-01-06/P1D,2021-01-06T16:43:40.603638+01:00
255228,Virbac,FR0000031577,VIRP,1971-01-06/P1D,2021-01-06T16:43:43.5628573+01:00
255957,Vivendi,FR0000127771,VIV,1971-01-06/P1D,2021-01-06T16:43:57.1671647+01:00
5141820,Voltalia,FR0011995588,VLTSA,1971-01-06/P1D,2021-01-06T16:44:04.5454989+01:00
866097,Vranken-Pommery,FR0000062796,VRAP,1971-01-06/P1D,2021-01-06T16:44:07.672655+01:00
15033129,WAVESTONE S.A.,FR0013357621,WAVE,1971-01-06/P1D,2021-01-06T16:44:10.5809358+01:00
65058,Wendel,FR0000121204,MF,1971-01-06/P1D,2021-01-06T16:44:13.5501345+01:00
5129554,Worldline,FR0011981968,WLN,1971-01-06/P1D,2021-01-06T16:44:16.418391+01:00
13411872,X-FAB SILICON FOUNDRIES SE,BE0974310428,XFAB,1971-01-06/P1D,2021-01-06T16:44:19.1938454+01:00
867118,Xilam Animation,FR0004034072,XIL,1971-01-06/P1D,2021-01-06T16:44:21.9200843+01:00
