Datetime,Open,High,Low,Close,Volume,Dividends,Stock Splits
2020-12-21 09:00:00+01:00,30.0,30.0,29.299999237060547,29.549999237060547,30099,0,0
2020-12-21 09:15:00+01:00,29.5,29.600000381469727,28.549999237060547,28.700000762939453,74132,0,0
2020-12-21 09:30:00+01:00,28.75,29.5,28.549999237060547,29.149999618530273,31562,0,0
2020-12-21 09:45:00+01:00,29.25,29.399999618530273,29.149999618530273,29.25,5966,0,0
2020-12-21 10:00:00+01:00,29.399999618530273,29.399999618530273,29.149999618530273,29.25,5468,0,0
2020-12-21 10:15:00+01:00,29.350000381469727,29.600000381469727,29.149999618530273,29.600000381469727,11094,0,0
2020-12-21 10:30:00+01:00,29.600000381469727,29.899999618530273,29.450000762939453,29.799999237060547,12628,0,0
2020-12-21 10:45:00+01:00,29.75,29.850000381469727,29.700000762939453,29.850000381469727,12500,0,0
2020-12-21 11:00:00+01:00,29.799999237060547,30.399999618530273,29.649999618530273,29.950000762939453,24862,0,0
2020-12-21 11:15:00+01:00,29.950000762939453,29.950000762939453,29.450000762939453,29.450000762939453,5094,0,0
2020-12-21 11:30:00+01:00,29.549999237060547,29.600000381469727,29.399999618530273,29.549999237060547,5484,0,0
2020-12-21 11:45:00+01:00,29.450000762939453,29.649999618530273,29.200000762939453,29.350000381469727,13560,0,0
2020-12-21 12:00:00+01:00,29.25,29.649999618530273,29.25,29.549999237060547,18826,0,0
2020-12-21 12:15:00+01:00,29.5,29.700000762939453,29.5,29.700000762939453,3754,0,0
2020-12-21 12:30:00+01:00,29.75,30.049999237060547,29.75,29.899999618530273,7398,0,0
2020-12-21 12:45:00+01:00,29.950000762939453,30.149999618530273,29.799999237060547,30.100000381469727,6776,0,0
2020-12-21 13:00:00+01:00,30.100000381469727,30.399999618530273,30.100000381469727,30.299999237060547,17836,0,0
2020-12-21 13:15:00+01:00,30.399999618530273,30.399999618530273,30.25,30.25,1686,0,0
2020-12-21 13:30:00+01:00,30.299999237060547,30.5,30.299999237060547,30.450000762939453,14156,0,0
2020-12-21 13:45:00+01:00,30.450000762939453,30.450000762939453,30.399999618530273,30.399999618530273,10354,0,0
2020-12-21 14:00:00+01:00,30.350000381469727,30.450000762939453,30.299999237060547,30.299999237060547,6640,0,0
2020-12-21 14:15:00+01:00,30.299999237060547,30.399999618530273,30.200000762939453,30.299999237060547,6402,0,0
2020-12-21 14:30:00+01:00,30.299999237060547,30.350000381469727,30.200000762939453,30.200000762939453,4422,0,0
2020-12-21 14:45:00+01:00,30.200000762939453,30.200000762939453,30.0,30.049999237060547,10400,0,0
2020-12-21 15:00:00+01:00,30.049999237060547,30.049999237060547,29.700000762939453,29.799999237060547,5692,0,0
2020-12-21 15:15:00+01:00,29.799999237060547,29.850000381469727,29.450000762939453,29.600000381469727,9960,0,0
2020-12-21 15:30:00+01:00,29.649999618530273,29.850000381469727,29.649999618530273,29.799999237060547,7138,0,0
2020-12-21 15:45:00+01:00,29.799999237060547,29.799999237060547,29.399999618530273,29.450000762939453,13952,0,0
2020-12-21 16:00:00+01:00,29.450000762939453,29.799999237060547,29.299999237060547,29.799999237060547,18822,0,0
2020-12-21 16:15:00+01:00,29.649999618530273,30.049999237060547,29.549999237060547,29.600000381469727,17530,0,0
2020-12-21 16:30:00+01:00,29.600000381469727,30.200000762939453,29.600000381469727,30.200000762939453,19336,0,0
2020-12-21 16:45:00+01:00,30.200000762939453,30.299999237060547,30.100000381469727,30.299999237060547,4174,0,0
2020-12-21 17:00:00+01:00,30.299999237060547,30.350000381469727,30.100000381469727,30.299999237060547,13562,0,0
2020-12-21 17:15:00+01:00,30.200000762939453,30.350000381469727,30.100000381469727,30.100000381469727,13374,0,0
2020-12-22 09:00:00+01:00,30.450000762939453,30.700000762939453,30.399999618530273,30.5,14438,0,0
2020-12-22 09:15:00+01:00,30.5,30.850000381469727,30.5,30.850000381469727,18760,0,0
2020-12-22 09:30:00+01:00,30.850000381469727,31.0,29.799999237060547,30.299999237060547,53222,0,0
2020-12-22 09:45:00+01:00,30.299999237060547,30.450000762939453,30.200000762939453,30.399999618530273,6426,0,0
2020-12-22 10:00:00+01:00,30.399999618530273,31.0,29.899999618530273,30.600000381469727,95380,0,0
2020-12-22 10:15:00+01:00,30.700000762939453,31.049999237060547,29.950000762939453,30.799999237060547,101050,0,0
2020-12-22 10:30:00+01:00,30.700000762939453,30.899999618530273,30.5,30.899999618530273,9804,0,0
2020-12-22 10:45:00+01:00,30.899999618530273,30.899999618530273,30.75,30.850000381469727,2600,0,0
2020-12-22 11:00:00+01:00,30.799999237060547,30.899999618530273,30.649999618530273,30.700000762939453,13420,0,0
2020-12-22 11:15:00+01:00,30.700000762939453,30.700000762939453,30.399999618530273,30.5,6658,0,0
2020-12-22 11:30:00+01:00,30.5,30.799999237060547,30.0,30.25,60288,0,0
2020-12-22 11:45:00+01:00,30.350000381469727,30.450000762939453,30.25,30.299999237060547,5748,0,0
2020-12-22 12:00:00+01:00,30.299999237060547,30.649999618530273,30.299999237060547,30.450000762939453,10060,0,0
2020-12-22 12:15:00+01:00,30.5,30.549999237060547,30.299999237060547,30.350000381469727,2866,0,0
2020-12-22 12:30:00+01:00,30.450000762939453,30.549999237060547,30.149999618530273,30.299999237060547,8720,0,0
2020-12-22 12:45:00+01:00,30.25,30.299999237060547,30.149999618530273,30.149999618530273,8964,0,0
2020-12-22 13:00:00+01:00,30.25,30.350000381469727,29.799999237060547,29.950000762939453,16376,0,0
2020-12-22 13:15:00+01:00,29.950000762939453,29.950000762939453,29.75,29.799999237060547,16852,0,0
2020-12-22 13:30:00+01:00,29.899999618530273,30.149999618530273,29.850000381469727,29.899999618530273,7336,0,0
2020-12-22 13:45:00+01:00,30.0,30.100000381469727,29.850000381469727,30.0,5698,0,0
2020-12-22 14:00:00+01:00,30.100000381469727,30.299999237060547,30.0,30.25,9832,0,0
2020-12-22 14:15:00+01:00,30.25,30.299999237060547,30.049999237060547,30.149999618530273,6480,0,0
2020-12-22 14:30:00+01:00,30.200000762939453,30.350000381469727,30.200000762939453,30.350000381469727,4834,0,0
2020-12-22 14:45:00+01:00,30.200000762939453,30.299999237060547,30.049999237060547,30.200000762939453,3078,0,0
2020-12-22 15:00:00+01:00,30.200000762939453,30.200000762939453,30.0,30.100000381469727,14454,0,0
2020-12-22 15:15:00+01:00,30.0,30.200000762939453,29.950000762939453,30.049999237060547,10682,0,0
2020-12-22 15:30:00+01:00,30.049999237060547,30.200000762939453,29.950000762939453,30.149999618530273,4766,0,0
2020-12-22 15:45:00+01:00,30.049999237060547,30.149999618530273,29.899999618530273,30.100000381469727,5762,0,0
2020-12-22 16:00:00+01:00,30.100000381469727,30.149999618530273,29.899999618530273,29.950000762939453,5048,0,0
2020-12-22 16:15:00+01:00,29.899999618530273,30.0,29.899999618530273,29.899999618530273,3370,0,0
2020-12-22 16:30:00+01:00,29.899999618530273,30.100000381469727,29.899999618530273,30.0,9516,0,0
2020-12-22 16:45:00+01:00,30.0,30.100000381469727,29.850000381469727,30.0,7580,0,0
2020-12-22 17:00:00+01:00,29.899999618530273,30.200000762939453,29.899999618530273,30.149999618530273,6856,0,0
2020-12-22 17:15:00+01:00,30.25,30.450000762939453,30.200000762939453,30.399999618530273,16468,0,0
2020-12-23 09:00:00+01:00,30.700000762939453,30.850000381469727,30.549999237060547,30.700000762939453,8641,0,0
2020-12-23 09:15:00+01:00,30.700000762939453,30.799999237060547,30.25,30.75,31140,0,0
2020-12-23 09:30:00+01:00,30.799999237060547,31.0,30.649999618530273,30.899999618530273,12368,0,0
2020-12-23 09:45:00+01:00,30.950000762939453,30.950000762939453,30.850000381469727,30.899999618530273,3802,0,0
2020-12-23 10:00:00+01:00,30.850000381469727,31.149999618530273,30.799999237060547,31.100000381469727,15292,0,0
2020-12-23 10:15:00+01:00,31.149999618530273,31.649999618530273,31.149999618530273,31.600000381469727,29744,0,0
2020-12-23 10:30:00+01:00,31.649999618530273,31.75,31.600000381469727,31.75,13524,0,0
2020-12-23 10:45:00+01:00,31.75,31.850000381469727,31.649999618530273,31.75,17132,0,0
2020-12-23 11:00:00+01:00,31.75,31.75,31.399999618530273,31.549999237060547,12756,0,0
2020-12-23 11:15:00+01:00,31.549999237060547,31.649999618530273,31.549999237060547,31.649999618530273,4024,0,0
2020-12-23 11:30:00+01:00,31.649999618530273,32.099998474121094,31.649999618530273,32.0,21858,0,0
2020-12-23 11:45:00+01:00,32.04999923706055,32.04999923706055,31.899999618530273,31.950000762939453,9424,0,0
2020-12-23 12:00:00+01:00,31.950000762939453,32.04999923706055,31.850000381469727,32.0,10744,0,0
2020-12-23 12:15:00+01:00,32.04999923706055,32.29999923706055,32.0,32.29999923706055,21628,0,0
2020-12-23 12:30:00+01:00,32.150001525878906,32.5,32.150001525878906,32.400001525878906,22194,0,0
2020-12-23 12:45:00+01:00,32.400001525878906,32.5,32.25,32.29999923706055,15252,0,0
2020-12-23 13:00:00+01:00,32.29999923706055,32.400001525878906,32.29999923706055,32.349998474121094,9622,0,0
2020-12-23 13:15:00+01:00,32.349998474121094,32.900001525878906,32.29999923706055,32.900001525878906,28780,0,0
2020-12-23 13:30:00+01:00,32.900001525878906,33.400001525878906,32.75,33.20000076293945,49186,0,0
2020-12-23 13:45:00+01:00,33.150001525878906,33.75,33.0,33.45000076293945,51904,0,0
2020-12-23 14:00:00+01:00,33.5,33.5,32.650001525878906,33.099998474121094,31798,0,0
2020-12-23 14:15:00+01:00,33.099998474121094,33.25,32.95000076293945,32.95000076293945,10574,0,0
2020-12-23 14:30:00+01:00,33.0,33.20000076293945,32.75,32.79999923706055,18400,0,0
2020-12-23 14:45:00+01:00,32.79999923706055,32.95000076293945,32.75,32.900001525878906,9094,0,0
2020-12-23 15:00:00+01:00,32.900001525878906,33.650001525878906,32.849998474121094,33.5,30788,0,0
2020-12-23 15:15:00+01:00,33.5,33.5,33.0,33.04999923706055,21932,0,0
2020-12-23 15:30:00+01:00,32.95000076293945,33.25,32.849998474121094,33.0,12320,0,0
2020-12-23 15:45:00+01:00,32.95000076293945,32.95000076293945,32.849998474121094,32.95000076293945,4790,0,0
2020-12-23 16:00:00+01:00,33.0,33.099998474121094,32.849998474121094,32.95000076293945,14472,0,0
2020-12-23 16:15:00+01:00,33.04999923706055,33.04999923706055,32.79999923706055,32.849998474121094,8066,0,0
2020-12-23 16:30:00+01:00,32.849998474121094,32.900001525878906,32.70000076293945,32.79999923706055,11306,0,0
2020-12-23 16:45:00+01:00,32.79999923706055,33.0,32.650001525878906,33.0,11976,0,0
2020-12-23 17:00:00+01:00,32.849998474121094,33.099998474121094,32.849998474121094,33.099998474121094,25058,0,0
2020-12-23 17:15:00+01:00,33.04999923706055,33.099998474121094,32.650001525878906,32.79999923706055,13796,0,0
2020-12-24 09:00:00+01:00,32.79999923706055,33.45000076293945,32.599998474121094,33.099998474121094,10060,0,0
2020-12-24 09:15:00+01:00,33.099998474121094,33.25,32.75,32.900001525878906,7124,0,0
2020-12-24 09:30:00+01:00,32.79999923706055,32.900001525878906,32.75,32.79999923706055,1754,0,0
2020-12-24 09:45:00+01:00,32.900001525878906,32.900001525878906,32.54999923706055,32.599998474121094,16418,0,0
2020-12-24 10:00:00+01:00,32.70000076293945,32.79999923706055,32.599998474121094,32.79999923706055,1192,0,0
2020-12-24 10:15:00+01:00,32.849998474121094,32.900001525878906,32.75,32.900001525878906,1490,0,0
2020-12-24 10:30:00+01:00,32.849998474121094,33.0,32.849998474121094,33.0,2518,0,0
2020-12-24 10:45:00+01:00,33.0,33.04999923706055,32.95000076293945,33.0,2548,0,0
2020-12-24 11:00:00+01:00,32.95000076293945,33.0,32.849998474121094,32.849998474121094,2530,0,0
2020-12-24 11:15:00+01:00,32.849998474121094,32.900001525878906,32.849998474121094,32.900001525878906,294,0,0
2020-12-24 11:30:00+01:00,32.900001525878906,32.95000076293945,32.900001525878906,32.95000076293945,1268,0,0
2020-12-24 11:45:00+01:00,32.95000076293945,32.95000076293945,32.79999923706055,32.900001525878906,3266,0,0
2020-12-24 12:00:00+01:00,32.849998474121094,32.849998474121094,32.75,32.849998474121094,1274,0,0
2020-12-24 12:15:00+01:00,32.849998474121094,33.0,32.849998474121094,32.900001525878906,988,0,0
2020-12-24 12:30:00+01:00,32.900001525878906,33.0,32.900001525878906,32.900001525878906,518,0,0
2020-12-24 12:45:00+01:00,32.95000076293945,32.95000076293945,32.599998474121094,32.599998474121094,8492,0,0
2020-12-24 13:00:00+01:00,32.70000076293945,32.70000076293945,32.599998474121094,32.650001525878906,612,0,0
2020-12-24 13:15:00+01:00,32.75,32.75,32.650001525878906,32.70000076293945,3272,0,0
2020-12-24 13:30:00+01:00,32.70000076293945,32.75,32.650001525878906,32.70000076293945,1284,0,0
2020-12-24 13:45:00+01:00,32.650001525878906,32.70000076293945,32.400001525878906,32.650001525878906,15986,0,0
2020-12-24 14:00:00+01:00,32.400001525878906,32.400001525878906,32.400001525878906,32.400001525878906,3630,0,0
2020-12-28 09:00:00+01:00,32.900001525878906,33.400001525878906,32.900001525878906,33.349998474121094,19951,0,0
2020-12-28 09:15:00+01:00,33.400001525878906,34.099998474121094,33.400001525878906,34.04999923706055,58220,0,0
2020-12-28 09:30:00+01:00,34.099998474121094,34.349998474121094,33.900001525878906,34.20000076293945,33580,0,0
2020-12-28 09:45:00+01:00,34.20000076293945,34.25,33.900001525878906,34.0,19034,0,0
2020-12-28 10:00:00+01:00,34.0,34.25,33.70000076293945,33.70000076293945,23174,0,0
2020-12-28 10:15:00+01:00,33.75,34.099998474121094,33.70000076293945,34.04999923706055,19462,0,0
2020-12-28 10:30:00+01:00,34.099998474121094,34.20000076293945,33.849998474121094,33.900001525878906,8758,0,0
2020-12-28 10:45:00+01:00,33.95000076293945,34.099998474121094,33.95000076293945,34.04999923706055,12728,0,0
2020-12-28 11:00:00+01:00,34.0,34.04999923706055,33.79999923706055,34.0,7424,0,0
2020-12-28 11:15:00+01:00,34.0,34.25,34.0,34.150001525878906,14676,0,0
2020-12-28 11:30:00+01:00,34.04999923706055,34.45000076293945,34.04999923706055,34.45000076293945,22640,0,0
2020-12-28 11:45:00+01:00,34.45000076293945,34.79999923706055,34.400001525878906,34.75,30738,0,0
2020-12-28 12:00:00+01:00,34.79999923706055,34.900001525878906,34.650001525878906,34.900001525878906,9476,0,0
2020-12-28 12:15:00+01:00,34.79999923706055,34.900001525878906,34.650001525878906,34.70000076293945,9226,0,0
2020-12-28 12:30:00+01:00,34.70000076293945,34.849998474121094,34.70000076293945,34.79999923706055,5084,0,0
2020-12-28 12:45:00+01:00,34.79999923706055,35.20000076293945,34.75,35.20000076293945,28972,0,0
2020-12-28 13:00:00+01:00,35.20000076293945,35.20000076293945,35.04999923706055,35.04999923706055,15438,0,0
2020-12-28 13:15:00+01:00,35.150001525878906,35.20000076293945,35.04999923706055,35.20000076293945,18306,0,0
2020-12-28 13:30:00+01:00,35.150001525878906,35.29999923706055,35.099998474121094,35.29999923706055,13996,0,0
2020-12-28 13:45:00+01:00,35.29999923706055,35.650001525878906,35.29999923706055,35.650001525878906,25388,0,0
2020-12-28 14:00:00+01:00,35.599998474121094,35.70000076293945,35.29999923706055,35.29999923706055,18930,0,0
2020-12-28 14:15:00+01:00,35.29999923706055,35.5,35.20000076293945,35.400001525878906,18194,0,0
2020-12-28 14:30:00+01:00,35.45000076293945,35.5,35.04999923706055,35.150001525878906,11640,0,0
2020-12-28 14:45:00+01:00,35.099998474121094,35.349998474121094,35.04999923706055,35.150001525878906,9276,0,0
2020-12-28 15:00:00+01:00,35.150001525878906,35.29999923706055,34.79999923706055,35.0,14058,0,0
2020-12-28 15:15:00+01:00,35.099998474121094,35.20000076293945,34.95000076293945,35.20000076293945,5948,0,0
2020-12-28 15:30:00+01:00,35.20000076293945,35.349998474121094,35.099998474121094,35.20000076293945,8116,0,0
2020-12-28 15:45:00+01:00,35.20000076293945,35.45000076293945,35.150001525878906,35.400001525878906,12310,0,0
2020-12-28 16:00:00+01:00,35.400001525878906,35.400001525878906,35.0,35.20000076293945,6384,0,0
2020-12-28 16:15:00+01:00,35.099998474121094,35.400001525878906,35.0,35.29999923706055,20300,0,0
2020-12-28 16:30:00+01:00,35.150001525878906,35.29999923706055,35.04999923706055,35.150001525878906,5564,0,0
2020-12-28 16:45:00+01:00,35.099998474121094,35.099998474121094,34.79999923706055,35.0,13286,0,0
2020-12-28 17:00:00+01:00,35.0,35.25,34.650001525878906,34.70000076293945,27064,0,0
2020-12-28 17:15:00+01:00,34.75,35.29999923706055,34.70000076293945,35.099998474121094,15780,0,0
2020-12-29 09:00:00+01:00,34.849998474121094,35.25,34.099998474121094,34.5,29238,0,0
2020-12-29 09:15:00+01:00,34.5,34.5,33.70000076293945,33.849998474121094,33370,0,0
2020-12-29 09:30:00+01:00,33.849998474121094,34.5,33.849998474121094,34.400001525878906,17622,0,0
2020-12-29 09:45:00+01:00,34.349998474121094,34.400001525878906,34.04999923706055,34.25,7442,0,0
2020-12-29 10:00:00+01:00,34.20000076293945,34.54999923706055,34.20000076293945,34.400001525878906,12634,0,0
2020-12-29 10:15:00+01:00,34.400001525878906,34.54999923706055,34.099998474121094,34.20000076293945,5282,0,0
2020-12-29 10:30:00+01:00,34.150001525878906,34.25,34.099998474121094,34.150001525878906,5470,0,0
2020-12-29 10:45:00+01:00,34.04999923706055,34.04999923706055,33.79999923706055,33.79999923706055,12432,0,0
2020-12-29 11:00:00+01:00,33.900001525878906,34.150001525878906,33.849998474121094,34.150001525878906,8330,0,0
2020-12-29 11:15:00+01:00,34.150001525878906,34.150001525878906,33.900001525878906,34.0,4480,0,0
2020-12-29 11:30:00+01:00,33.95000076293945,34.150001525878906,33.95000076293945,34.150001525878906,6624,0,0
2020-12-29 11:45:00+01:00,34.04999923706055,34.099998474121094,33.900001525878906,33.95000076293945,6922,0,0
2020-12-29 12:00:00+01:00,33.900001525878906,34.04999923706055,33.900001525878906,34.0,3434,0,0
2020-12-29 12:15:00+01:00,33.95000076293945,34.04999923706055,33.95000076293945,34.0,2920,0,0
2020-12-29 12:30:00+01:00,34.04999923706055,34.099998474121094,33.95000076293945,34.099998474121094,4026,0,0
2020-12-29 12:45:00+01:00,34.150001525878906,34.150001525878906,33.75,33.95000076293945,13942,0,0
2020-12-29 13:00:00+01:00,33.900001525878906,33.95000076293945,33.849998474121094,33.95000076293945,614,0,0
2020-12-29 13:15:00+01:00,33.95000076293945,34.0,33.70000076293945,33.79999923706055,6728,0,0
2020-12-29 13:30:00+01:00,33.70000076293945,33.79999923706055,33.349998474121094,33.599998474121094,13200,0,0
2020-12-29 13:45:00+01:00,33.5,33.79999923706055,33.5,33.650001525878906,6132,0,0
2020-12-29 14:00:00+01:00,33.650001525878906,33.75,33.54999923706055,33.599998474121094,2884,0,0
2020-12-29 14:15:00+01:00,33.54999923706055,33.650001525878906,33.400001525878906,33.5,9150,0,0
2020-12-29 14:30:00+01:00,33.5,33.5,33.25,33.29999923706055,4874,0,0
2020-12-29 14:45:00+01:00,33.349998474121094,33.45000076293945,33.099998474121094,33.20000076293945,9732,0,0
2020-12-29 15:00:00+01:00,33.20000076293945,33.349998474121094,32.54999923706055,32.75,35478,0,0
2020-12-29 15:15:00+01:00,32.75,33.0,32.650001525878906,32.650001525878906,14778,0,0
2020-12-29 15:30:00+01:00,32.75,32.900001525878906,32.650001525878906,32.75,20364,0,0
2020-12-29 15:45:00+01:00,32.75,32.75,32.25,32.349998474121094,28466,0,0
2020-12-29 16:00:00+01:00,32.25,32.5,32.099998474121094,32.5,34672,0,0
2020-12-29 16:15:00+01:00,32.5,32.79999923706055,32.45000076293945,32.79999923706055,8154,0,0
2020-12-29 16:30:00+01:00,32.75,32.900001525878906,32.400001525878906,32.849998474121094,17904,0,0
2020-12-29 16:45:00+01:00,32.900001525878906,33.150001525878906,32.900001525878906,32.95000076293945,14216,0,0
2020-12-29 17:00:00+01:00,32.95000076293945,33.099998474121094,32.900001525878906,32.95000076293945,16890,0,0
2020-12-29 17:15:00+01:00,32.95000076293945,33.099998474121094,32.75,32.95000076293945,29228,0,0
2020-12-30 09:00:00+01:00,33.0,33.400001525878906,32.900001525878906,33.25,14162,0,0
2020-12-30 09:15:00+01:00,33.25,33.79999923706055,33.25,33.349998474121094,21420,0,0
2020-12-30 09:30:00+01:00,33.400001525878906,33.54999923706055,33.20000076293945,33.20000076293945,8958,0,0
2020-12-30 09:45:00+01:00,33.25,33.25,33.0,33.04999923706055,6128,0,0
2020-12-30 10:00:00+01:00,33.04999923706055,33.099998474121094,32.75,32.849998474121094,11586,0,0
2020-12-30 10:15:00+01:00,32.849998474121094,33.29999923706055,32.79999923706055,33.150001525878906,11386,0,0
2020-12-30 10:30:00+01:00,33.099998474121094,33.25,32.79999923706055,32.900001525878906,11226,0,0
2020-12-30 10:45:00+01:00,32.900001525878906,32.900001525878906,32.75,32.75,3552,0,0
2020-12-30 11:00:00+01:00,32.79999923706055,33.29999923706055,32.79999923706055,33.25,9706,0,0
2020-12-30 11:15:00+01:00,33.150001525878906,33.25,32.95000076293945,32.95000076293945,4560,0,0
2020-12-30 11:30:00+01:00,32.95000076293945,33.099998474121094,32.849998474121094,33.099998474121094,4660,0,0
2020-12-30 11:45:00+01:00,33.099998474121094,33.400001525878906,33.099998474121094,33.25,8196,0,0
2020-12-30 12:00:00+01:00,33.25,33.349998474121094,33.099998474121094,33.20000076293945,6358,0,0
2020-12-30 12:15:00+01:00,33.29999923706055,33.400001525878906,33.29999923706055,33.400001525878906,6680,0,0
2020-12-30 12:30:00+01:00,33.29999923706055,33.400001525878906,33.150001525878906,33.150001525878906,1304,0,0
2020-12-30 12:45:00+01:00,33.20000076293945,33.20000076293945,33.099998474121094,33.20000076293945,2458,0,0
2020-12-30 13:00:00+01:00,33.20000076293945,33.20000076293945,32.95000076293945,33.0,5660,0,0
2020-12-30 13:15:00+01:00,32.95000076293945,33.04999923706055,32.900001525878906,32.95000076293945,3722,0,0
2020-12-30 13:30:00+01:00,33.0,33.29999923706055,32.95000076293945,33.25,12568,0,0
2020-12-30 13:45:00+01:00,33.20000076293945,33.25,33.150001525878906,33.20000076293945,4120,0,0
2020-12-30 14:00:00+01:00,33.25,33.349998474121094,33.20000076293945,33.349998474121094,2820,0,0
2020-12-30 14:15:00+01:00,33.349998474121094,33.599998474121094,33.25,33.54999923706055,7524,0,0
2020-12-30 14:30:00+01:00,33.599998474121094,33.599998474121094,33.45000076293945,33.5,4432,0,0
2020-12-30 14:45:00+01:00,33.45000076293945,33.45000076293945,33.400001525878906,33.45000076293945,1348,0,0
2020-12-30 15:00:00+01:00,33.45000076293945,33.45000076293945,33.349998474121094,33.400001525878906,500,0,0
2020-12-30 15:15:00+01:00,33.400001525878906,33.45000076293945,33.349998474121094,33.400001525878906,1774,0,0
2020-12-30 15:30:00+01:00,33.400001525878906,33.650001525878906,33.349998474121094,33.599998474121094,7538,0,0
2020-12-30 15:45:00+01:00,33.650001525878906,33.70000076293945,33.54999923706055,33.70000076293945,11006,0,0
2020-12-30 16:00:00+01:00,33.70000076293945,33.849998474121094,33.70000076293945,33.849998474121094,15796,0,0
2020-12-30 16:15:00+01:00,33.79999923706055,33.900001525878906,33.79999923706055,33.900001525878906,4498,0,0
2020-12-30 16:30:00+01:00,33.849998474121094,33.849998474121094,33.70000076293945,33.75,1820,0,0
2020-12-30 16:45:00+01:00,33.75,33.79999923706055,33.650001525878906,33.75,3348,0,0
2020-12-30 17:00:00+01:00,33.75,33.75,33.70000076293945,33.70000076293945,3166,0,0
2020-12-30 17:15:00+01:00,33.650001525878906,33.650001525878906,33.20000076293945,33.25,10286,0,0
2020-12-31 09:00:00+01:00,33.650001525878906,33.900001525878906,33.54999923706055,33.54999923706055,14172,0,0
2020-12-31 09:15:00+01:00,33.54999923706055,33.79999923706055,33.54999923706055,33.599998474121094,2840,0,0
2020-12-31 09:30:00+01:00,33.599998474121094,34.099998474121094,33.599998474121094,34.0,13794,0,0
2020-12-31 09:45:00+01:00,34.099998474121094,34.150001525878906,33.95000076293945,33.95000076293945,4546,0,0
2020-12-31 10:00:00+01:00,34.099998474121094,34.150001525878906,34.0,34.0,2694,0,0
2020-12-31 10:15:00+01:00,34.099998474121094,34.099998474121094,34.0,34.099998474121094,3972,0,0
2020-12-31 10:30:00+01:00,34.150001525878906,34.150001525878906,34.0,34.099998474121094,1590,0,0
2020-12-31 10:45:00+01:00,34.04999923706055,34.099998474121094,34.0,34.099998474121094,3666,0,0
2020-12-31 11:00:00+01:00,34.099998474121094,34.5,34.099998474121094,34.29999923706055,19126,0,0
2020-12-31 11:15:00+01:00,34.20000076293945,34.29999923706055,34.099998474121094,34.099998474121094,11804,0,0
2020-12-31 11:30:00+01:00,34.25,34.29999923706055,34.20000076293945,34.25,2048,0,0
2020-12-31 11:45:00+01:00,34.25,34.45000076293945,34.20000076293945,34.400001525878906,5746,0,0
2020-12-31 12:00:00+01:00,34.400001525878906,34.45000076293945,34.29999923706055,34.29999923706055,2432,0,0
2020-12-31 12:15:00+01:00,34.400001525878906,34.5,34.400001525878906,34.5,3470,0,0
2020-12-31 12:30:00+01:00,34.45000076293945,34.5,34.45000076293945,34.45000076293945,576,0,0
2020-12-31 12:45:00+01:00,34.45000076293945,34.45000076293945,34.29999923706055,34.45000076293945,3974,0,0
2020-12-31 13:00:00+01:00,34.349998474121094,34.400001525878906,34.29999923706055,34.349998474121094,622,0,0
2020-12-31 13:15:00+01:00,34.45000076293945,34.5,34.349998474121094,34.5,2082,0,0
2020-12-31 13:30:00+01:00,34.45000076293945,34.5,34.349998474121094,34.349998474121094,4926,0,0
2020-12-31 13:45:00+01:00,34.45000076293945,34.45000076293945,34.25,34.25,6504,0,0
2020-12-31 14:00:00+01:00,34.349998474121094,34.349998474121094,34.349998474121094,34.349998474121094,13672,0,0
2021-01-04 09:00:00+01:00,34.79999923706055,34.95000076293945,34.54999923706055,34.599998474121094,8412,0,0
2021-01-04 09:15:00+01:00,34.54999923706055,35.0,34.25,35.0,51738,0,0
2021-01-04 09:30:00+01:00,35.0,35.04999923706055,34.70000076293945,34.900001525878906,6474,0,0
2021-01-04 09:45:00+01:00,34.900001525878906,35.25,34.849998474121094,35.04999923706055,21904,0,0
2021-01-04 10:00:00+01:00,35.099998474121094,35.599998474121094,35.04999923706055,35.54999923706055,25022,0,0
2021-01-04 10:15:00+01:00,35.599998474121094,36.150001525878906,35.54999923706055,35.95000076293945,48208,0,0
2021-01-04 10:30:00+01:00,35.95000076293945,36.04999923706055,35.650001525878906,35.650001525878906,18708,0,0
2021-01-04 10:45:00+01:00,35.70000076293945,35.70000076293945,35.0,35.400001525878906,12876,0,0
2021-01-04 11:00:00+01:00,35.5,35.849998474121094,35.45000076293945,35.849998474121094,11678,0,0
2021-01-04 11:15:00+01:00,35.849998474121094,36.0,35.79999923706055,35.95000076293945,17068,0,0
2021-01-04 11:30:00+01:00,35.95000076293945,36.099998474121094,35.849998474121094,36.04999923706055,19446,0,0
2021-01-04 11:45:00+01:00,36.04999923706055,36.599998474121094,36.0,36.599998474121094,37906,0,0
2021-01-04 12:00:00+01:00,36.5,36.849998474121094,36.5,36.650001525878906,26892,0,0
2021-01-04 12:15:00+01:00,36.75,36.79999923706055,36.5,36.599998474121094,16454,0,0
2021-01-04 12:30:00+01:00,36.650001525878906,36.79999923706055,36.5,36.54999923706055,21892,0,0
2021-01-04 12:45:00+01:00,36.54999923706055,36.849998474121094,36.5,36.79999923706055,14230,0,0
2021-01-04 13:00:00+01:00,36.79999923706055,36.79999923706055,36.25,36.400001525878906,33670,0,0
2021-01-04 13:15:00+01:00,36.349998474121094,36.5,36.29999923706055,36.400001525878906,12888,0,0
2021-01-04 13:30:00+01:00,36.400001525878906,36.5,36.400001525878906,36.5,6228,0,0
2021-01-04 13:45:00+01:00,36.5,36.5,36.29999923706055,36.400001525878906,8252,0,0
2021-01-04 14:00:00+01:00,36.400001525878906,36.5,36.400001525878906,36.45000076293945,6044,0,0
2021-01-04 14:15:00+01:00,36.5,36.5,36.349998474121094,36.349998474121094,28898,0,0
2021-01-04 14:30:00+01:00,36.400001525878906,36.5,36.349998474121094,36.45000076293945,6542,0,0
2021-01-04 14:45:00+01:00,36.5,36.5,36.400001525878906,36.45000076293945,5336,0,0
2021-01-04 15:00:00+01:00,36.45000076293945,36.599998474121094,36.25,36.54999923706055,22512,0,0
2021-01-04 15:15:00+01:00,36.599998474121094,36.70000076293945,36.54999923706055,36.599998474121094,9604,0,0
2021-01-04 15:30:00+01:00,36.599998474121094,36.599998474121094,36.20000076293945,36.54999923706055,10272,0,0
2021-01-04 15:45:00+01:00,36.54999923706055,36.54999923706055,36.0,36.150001525878906,22930,0,0
2021-01-04 16:00:00+01:00,36.150001525878906,36.25,35.849998474121094,35.849998474121094,16298,0,0
2021-01-04 16:15:00+01:00,35.79999923706055,35.900001525878906,35.70000076293945,35.79999923706055,13804,0,0
2021-01-04 16:30:00+01:00,35.75,35.75,35.400001525878906,35.45000076293945,13906,0,0
2021-01-04 16:45:00+01:00,35.45000076293945,35.599998474121094,35.400001525878906,35.5,10494,0,0
2021-01-04 17:00:00+01:00,35.54999923706055,35.54999923706055,35.04999923706055,35.099998474121094,29266,0,0
2021-01-04 17:15:00+01:00,35.099998474121094,35.20000076293945,35.099998474121094,35.20000076293945,10372,0,0
2021-01-05 09:00:00+01:00,35.400001525878906,35.79999923706055,35.400001525878906,35.599998474121094,11413,0,0
2021-01-05 09:15:00+01:00,35.5,35.650001525878906,35.04999923706055,35.650001525878906,22002,0,0
2021-01-05 09:30:00+01:00,35.650001525878906,35.650001525878906,35.099998474121094,35.25,12326,0,0
2021-01-05 09:45:00+01:00,35.20000076293945,35.20000076293945,34.45000076293945,34.900001525878906,32688,0,0
2021-01-05 10:00:00+01:00,34.900001525878906,35.20000076293945,34.900001525878906,35.04999923706055,9018,0,0
2021-01-05 10:15:00+01:00,35.0,35.20000076293945,35.0,35.099998474121094,5716,0,0
2021-01-05 10:30:00+01:00,35.099998474121094,35.25,35.04999923706055,35.20000076293945,4386,0,0
2021-01-05 10:45:00+01:00,35.150001525878906,35.25,35.0,35.150001525878906,4660,0,0
2021-01-05 11:00:00+01:00,35.29999923706055,35.29999923706055,35.0,35.20000076293945,6754,0,0
2021-01-05 11:15:00+01:00,35.20000076293945,35.29999923706055,35.099998474121094,35.150001525878906,5734,0,0
2021-01-05 11:30:00+01:00,35.04999923706055,35.349998474121094,35.0,35.20000076293945,3944,0,0
2021-01-05 11:45:00+01:00,35.20000076293945,35.349998474121094,35.150001525878906,35.29999923706055,5076,0,0
2021-01-05 12:00:00+01:00,35.29999923706055,35.349998474121094,34.79999923706055,34.79999923706055,24532,0,0
2021-01-05 12:15:00+01:00,34.79999923706055,35.0,34.70000076293945,34.95000076293945,10254,0,0
2021-01-05 12:30:00+01:00,34.95000076293945,35.0,34.70000076293945,34.900001525878906,22334,0,0
2021-01-05 12:45:00+01:00,34.900001525878906,35.0,34.70000076293945,34.70000076293945,6126,0,0
2021-01-05 13:00:00+01:00,34.70000076293945,34.75,34.349998474121094,34.45000076293945,15532,0,0
2021-01-05 13:15:00+01:00,34.5,34.5,34.25,34.400001525878906,12250,0,0
2021-01-05 13:30:00+01:00,34.29999923706055,34.45000076293945,34.29999923706055,34.349998474121094,3266,0,0
2021-01-05 13:45:00+01:00,34.349998474121094,34.599998474121094,34.349998474121094,34.45000076293945,10152,0,0
2021-01-05 14:00:00+01:00,34.45000076293945,34.5,34.29999923706055,34.29999923706055,8604,0,0
2021-01-05 14:15:00+01:00,34.25,34.25,34.099998474121094,34.25,9224,0,0
2021-01-05 14:30:00+01:00,34.150001525878906,34.349998474121094,34.099998474121094,34.349998474121094,5924,0,0
2021-01-05 14:45:00+01:00,34.29999923706055,34.5,34.29999923706055,34.400001525878906,4368,0,0
2021-01-05 15:00:00+01:00,34.45000076293945,34.45000076293945,34.150001525878906,34.20000076293945,6770,0,0
2021-01-05 15:15:00+01:00,34.29999923706055,34.349998474121094,34.150001525878906,34.29999923706055,8518,0,0
2021-01-05 15:30:00+01:00,34.349998474121094,34.45000076293945,34.349998474121094,34.45000076293945,3360,0,0
2021-01-05 15:45:00+01:00,34.29999923706055,34.349998474121094,34.20000076293945,34.349998474121094,10946,0,0
2021-01-05 16:00:00+01:00,34.400001525878906,34.599998474121094,34.349998474121094,34.54999923706055,10172,0,0
2021-01-05 16:15:00+01:00,34.650001525878906,34.70000076293945,34.25,34.29999923706055,9026,0,0
2021-01-05 16:30:00+01:00,34.29999923706055,34.349998474121094,34.150001525878906,34.20000076293945,18466,0,0
2021-01-05 16:45:00+01:00,34.20000076293945,34.29999923706055,34.099998474121094,34.150001525878906,7288,0,0
2021-01-05 17:00:00+01:00,34.25,34.29999923706055,34.04999923706055,34.099998474121094,12566,0,0
2021-01-05 17:15:00+01:00,34.04999923706055,34.45000076293945,33.849998474121094,34.400001525878906,20686,0,0
2021-01-06 09:00:00+01:00,34.70000076293945,34.849998474121094,34.25,34.45000076293945,5370,0,0
2021-01-06 09:15:00+01:00,34.45000076293945,34.5,34.099998474121094,34.400001525878906,13540,0,0
2021-01-06 09:30:00+01:00,34.400001525878906,34.599998474121094,34.400001525878906,34.400001525878906,6286,0,0
2021-01-06 09:45:00+01:00,34.400001525878906,34.5,34.349998474121094,34.45000076293945,3394,0,0
2021-01-06 10:00:00+01:00,34.45000076293945,34.79999923706055,34.45000076293945,34.75,3854,0,0
2021-01-06 10:15:00+01:00,34.75,34.849998474121094,34.45000076293945,34.75,5282,0,0
2021-01-06 10:30:00+01:00,34.75,35.150001525878906,34.650001525878906,34.900001525878906,26980,0,0
2021-01-06 10:45:00+01:00,34.95000076293945,35.099998474121094,34.849998474121094,35.04999923706055,5800,0,0
2021-01-06 11:00:00+01:00,35.0,35.20000076293945,35.0,35.04999923706055,7044,0,0
2021-01-06 11:15:00+01:00,35.099998474121094,35.150001525878906,35.0,35.04999923706055,13710,0,0
2021-01-06 11:30:00+01:00,35.099998474121094,35.29999923706055,35.04999923706055,35.29999923706055,10430,0,0
2021-01-06 11:45:00+01:00,35.29999923706055,35.29999923706055,35.0,35.150001525878906,5914,0,0
2021-01-06 12:00:00+01:00,35.099998474121094,35.150001525878906,35.099998474121094,35.150001525878906,808,0,0
2021-01-06 12:15:00+01:00,35.099998474121094,35.099998474121094,35.0,35.0,7616,0,0
2021-01-06 12:30:00+01:00,35.04999923706055,35.099998474121094,35.0,35.099998474121094,5754,0,0
2021-01-06 12:45:00+01:00,35.099998474121094,35.099998474121094,34.79999923706055,34.900001525878906,9826,0,0
2021-01-06 13:00:00+01:00,34.900001525878906,35.0,34.849998474121094,34.900001525878906,2292,0,0
2021-01-06 13:15:00+01:00,34.95000076293945,34.95000076293945,34.900001525878906,34.95000076293945,1514,0,0
2021-01-06 13:30:00+01:00,34.849998474121094,34.849998474121094,34.599998474121094,34.75,2780,0,0
2021-01-06 13:45:00+01:00,34.70000076293945,34.79999923706055,34.54999923706055,34.75,9802,0,0
2021-01-06 14:00:00+01:00,34.75,34.849998474121094,34.54999923706055,34.849998474121094,5312,0,0
2021-01-06 14:15:00+01:00,34.79999923706055,34.95000076293945,34.70000076293945,34.900001525878906,10520,0,0
2021-01-06 14:30:00+01:00,34.900001525878906,35.0,34.900001525878906,34.95000076293945,5448,0,0
2021-01-06 14:45:00+01:00,35.0,35.099998474121094,34.95000076293945,34.95000076293945,6440,0,0
2021-01-06 15:00:00+01:00,34.95000076293945,35.0,34.79999923706055,34.79999923706055,3368,0,0
2021-01-06 15:15:00+01:00,34.75,34.95000076293945,34.599998474121094,34.75,4168,0,0
2021-01-06 15:30:00+01:00,34.75,34.79999923706055,34.70000076293945,34.79999923706055,9496,0,0
2021-01-06 15:45:00+01:00,34.79999923706055,34.79999923706055,34.650001525878906,34.70000076293945,9744,0,0
2021-01-06 16:00:00+01:00,34.75,34.75,34.5,34.5,8116,0,0
2021-01-06 16:15:00+01:00,34.5,34.650001525878906,34.5,34.599998474121094,3554,0,0
2021-01-06 16:30:00+01:00,34.5,34.599998474121094,34.29999923706055,34.29999923706055,7822,0,0
2021-01-06 16:45:00+01:00,34.349998474121094,34.75,34.25,34.5,13720,0,0
2021-01-06 17:00:00+01:00,34.5,34.599998474121094,34.400001525878906,34.54999923706055,8094,0,0
2021-01-06 17:15:00+01:00,34.54999923706055,34.70000076293945,34.45000076293945,34.70000076293945,11830,0,0
2021-01-07 09:00:00+01:00,35.099998474121094,36.29999923706055,35.0,36.099998474121094,27687,0,0
2021-01-07 09:15:00+01:00,36.25,36.95000076293945,36.150001525878906,36.650001525878906,65094,0,0
2021-01-07 09:30:00+01:00,36.75,36.75,36.349998474121094,36.75,25404,0,0
2021-01-07 09:45:00+01:00,36.75,37.20000076293945,36.650001525878906,36.95000076293945,82030,0,0
2021-01-07 10:00:00+01:00,36.95000076293945,37.29999923706055,36.5,37.150001525878906,81996,0,0
2021-01-07 10:15:00+01:00,37.099998474121094,37.150001525878906,36.5,36.75,23370,0,0
2021-01-07 10:30:00+01:00,36.599998474121094,36.849998474121094,36.599998474121094,36.650001525878906,12242,0,0
2021-01-07 10:45:00+01:00,36.650001525878906,36.95000076293945,36.650001525878906,36.900001525878906,6986,0,0
2021-01-07 11:00:00+01:00,36.900001525878906,37.400001525878906,36.900001525878906,37.349998474121094,58470,0,0
2021-01-07 11:15:00+01:00,37.349998474121094,37.45000076293945,37.25,37.400001525878906,37566,0,0
2021-01-07 11:30:00+01:00,37.349998474121094,37.95000076293945,37.349998474121094,37.900001525878906,78880,0,0
2021-01-07 11:45:00+01:00,37.900001525878906,37.95000076293945,37.75,37.900001525878906,30330,0,0
2021-01-07 12:00:00+01:00,37.849998474121094,37.900001525878906,37.70000076293945,37.79999923706055,18984,0,0
2021-01-07 12:15:00+01:00,37.849998474121094,37.900001525878906,37.45000076293945,37.5,19016,0,0
2021-01-07 12:30:00+01:00,37.650001525878906,37.650001525878906,37.400001525878906,37.45000076293945,8096,0,0
2021-01-07 12:45:00+01:00,37.5,37.650001525878906,37.400001525878906,37.650001525878906,12530,0,0
2021-01-07 13:00:00+01:00,37.650001525878906,37.849998474121094,37.5,37.79999923706055,15536,0,0
2021-01-07 13:15:00+01:00,37.75,37.900001525878906,37.29999923706055,37.849998474121094,22288,0,0
2021-01-07 13:30:00+01:00,37.849998474121094,37.849998474121094,37.70000076293945,37.849998474121094,11996,0,0
2021-01-07 13:45:00+01:00,37.79999923706055,38.5,37.79999923706055,38.349998474121094,96230,0,0
2021-01-07 14:00:00+01:00,38.29999923706055,38.400001525878906,37.95000076293945,38.349998474121094,18478,0,0
2021-01-07 14:15:00+01:00,38.349998474121094,38.349998474121094,37.900001525878906,37.900001525878906,14548,0,0
2021-01-07 14:30:00+01:00,37.900001525878906,37.95000076293945,37.650001525878906,37.650001525878906,9832,0,0
2021-01-07 14:45:00+01:00,37.650001525878906,37.900001525878906,37.599998474121094,37.75,9590,0,0
2021-01-07 15:00:00+01:00,37.79999923706055,37.95000076293945,37.75,37.95000076293945,4816,0,0
2021-01-07 15:15:00+01:00,37.95000076293945,37.95000076293945,37.45000076293945,37.599998474121094,8804,0,0
2021-01-07 15:30:00+01:00,37.5,37.75,37.25,37.25,15258,0,0
2021-01-07 15:45:00+01:00,37.400001525878906,37.599998474121094,37.20000076293945,37.5,11406,0,0
2021-01-07 16:00:00+01:00,37.5,37.599998474121094,36.349998474121094,36.54999923706055,42166,0,0
2021-01-07 16:15:00+01:00,36.349998474121094,36.650001525878906,36.349998474121094,36.54999923706055,23566,0,0
2021-01-07 16:30:00+01:00,36.5,37.0,36.400001525878906,37.0,17694,0,0
2021-01-07 16:45:00+01:00,37.0,37.400001525878906,37.0,37.349998474121094,12020,0,0
2021-01-07 17:00:00+01:00,37.349998474121094,37.349998474121094,37.099998474121094,37.20000076293945,8864,0,0
2021-01-07 17:15:00+01:00,37.25,37.29999923706055,36.900001525878906,37.150001525878906,29272,0,0
2021-01-08 09:00:00+01:00,37.599998474121094,38.95000076293945,37.599998474121094,38.79999923706055,69531,0,0
2021-01-08 09:15:00+01:00,38.79999923706055,39.79999923706055,38.75,39.599998474121094,128504,0,0
2021-01-08 09:30:00+01:00,39.70000076293945,40.150001525878906,39.25,39.650001525878906,112818,0,0
2021-01-08 09:45:00+01:00,39.70000076293945,39.75,38.45000076293945,38.599998474121094,44652,0,0
2021-01-08 10:00:00+01:00,38.650001525878906,39.0,38.599998474121094,38.95000076293945,17496,0,0
2021-01-08 10:15:00+01:00,38.849998474121094,39.349998474121094,38.79999923706055,38.95000076293945,26890,0,0
2021-01-08 10:30:00+01:00,39.0,39.349998474121094,38.70000076293945,39.20000076293945,13522,0,0
2021-01-08 10:45:00+01:00,39.29999923706055,39.5,39.20000076293945,39.5,15756,0,0
2021-01-08 11:00:00+01:00,39.54999923706055,39.75,39.45000076293945,39.54999923706055,10100,0,0
2021-01-08 11:15:00+01:00,39.54999923706055,39.54999923706055,39.0,39.099998474121094,11742,0,0
2021-01-08 11:30:00+01:00,39.099998474121094,39.099998474121094,38.650001525878906,38.95000076293945,13538,0,0
2021-01-08 11:45:00+01:00,38.900001525878906,39.04999923706055,38.849998474121094,38.900001525878906,14516,0,0
2021-01-08 12:00:00+01:00,38.900001525878906,38.95000076293945,38.29999923706055,38.349998474121094,18068,0,0
2021-01-08 12:15:00+01:00,38.349998474121094,38.75,38.150001525878906,38.75,24654,0,0
2021-01-08 12:30:00+01:00,38.75,38.849998474121094,38.599998474121094,38.75,4022,0,0
2021-01-08 12:45:00+01:00,38.75,39.099998474121094,38.650001525878906,39.099998474121094,7322,0,0
2021-01-08 13:00:00+01:00,39.04999923706055,39.29999923706055,39.04999923706055,39.20000076293945,9452,0,0
2021-01-08 13:15:00+01:00,39.20000076293945,39.349998474121094,39.150001525878906,39.29999923706055,9126,0,0
2021-01-08 13:30:00+01:00,39.150001525878906,39.29999923706055,39.099998474121094,39.150001525878906,11302,0,0
2021-01-08 13:45:00+01:00,39.29999923706055,39.54999923706055,39.29999923706055,39.5,15642,0,0
2021-01-08 14:00:00+01:00,39.45000076293945,39.54999923706055,39.349998474121094,39.400001525878906,8456,0,0
2021-01-08 14:15:00+01:00,39.400001525878906,39.5,39.349998474121094,39.5,6962,0,0
2021-01-08 14:30:00+01:00,39.400001525878906,39.599998474121094,39.349998474121094,39.54999923706055,13330,0,0
2021-01-08 14:45:00+01:00,39.5,39.5,39.25,39.25,8650,0,0
2021-01-08 15:00:00+01:00,39.25,39.400001525878906,39.099998474121094,39.29999923706055,7312,0,0
2021-01-08 15:15:00+01:00,39.29999923706055,39.29999923706055,38.70000076293945,38.900001525878906,13452,0,0
2021-01-08 15:30:00+01:00,38.900001525878906,39.20000076293945,38.79999923706055,38.95000076293945,12566,0,0
2021-01-08 15:45:00+01:00,39.0,39.099998474121094,38.849998474121094,39.0,7758,0,0
2021-01-08 16:00:00+01:00,38.95000076293945,39.29999923706055,38.95000076293945,39.25,7370,0,0
2021-01-08 16:15:00+01:00,39.25,39.400001525878906,38.95000076293945,38.95000076293945,20870,0,0
2021-01-08 16:30:00+01:00,39.0,39.099998474121094,38.75,38.79999923706055,16764,0,0
2021-01-08 16:45:00+01:00,38.849998474121094,39.400001525878906,38.75,39.20000076293945,27302,0,0
2021-01-08 17:00:00+01:00,39.25,39.70000076293945,39.099998474121094,39.099998474121094,67412,0,0
2021-01-08 17:15:00+01:00,39.04999923706055,39.04999923706055,38.29999923706055,38.900001525878906,65974,0,0
2021-01-11 09:00:00+01:00,39.45000076293945,39.70000076293945,37.349998474121094,37.54999923706055,77311,0,0
2021-01-11 09:15:00+01:00,37.599998474121094,37.95000076293945,37.25,37.54999923706055,40412,0,0
2021-01-11 09:30:00+01:00,37.54999923706055,37.599998474121094,36.79999923706055,37.20000076293945,66972,0,0
2021-01-11 09:45:00+01:00,37.20000076293945,37.599998474121094,36.95000076293945,37.599998474121094,24328,0,0
2021-01-11 10:00:00+01:00,37.599998474121094,37.849998474121094,37.400001525878906,37.79999923706055,26574,0,0
2021-01-11 10:15:00+01:00,37.79999923706055,37.900001525878906,37.29999923706055,37.650001525878906,27850,0,0
2021-01-11 10:30:00+01:00,37.54999923706055,37.95000076293945,37.54999923706055,37.650001525878906,14190,0,0
2021-01-11 10:45:00+01:00,37.650001525878906,37.650001525878906,37.29999923706055,37.349998474121094,9506,0,0
2021-01-11 11:00:00+01:00,37.45000076293945,37.54999923706055,37.20000076293945,37.349998474121094,12632,0,0
2021-01-11 11:15:00+01:00,37.349998474121094,37.75,37.349998474121094,37.70000076293945,7074,0,0
2021-01-11 11:30:00+01:00,37.70000076293945,37.95000076293945,37.54999923706055,37.849998474121094,10262,0,0
2021-01-11 11:45:00+01:00,37.849998474121094,37.900001525878906,37.599998474121094,37.650001525878906,17098,0,0
2021-01-11 12:00:00+01:00,37.599998474121094,37.599998474121094,37.400001525878906,37.400001525878906,15152,0,0
2021-01-11 12:15:00+01:00,37.45000076293945,37.5,37.150001525878906,37.29999923706055,9006,0,0
2021-01-11 12:30:00+01:00,37.29999923706055,37.45000076293945,37.25,37.29999923706055,4460,0,0
2021-01-11 12:45:00+01:00,37.29999923706055,37.5,37.29999923706055,37.5,5434,0,0
2021-01-11 13:00:00+01:00,37.45000076293945,37.45000076293945,37.099998474121094,37.150001525878906,17096,0,0
2021-01-11 13:15:00+01:00,37.150001525878906,37.20000076293945,36.849998474121094,37.04999923706055,23256,0,0
2021-01-11 13:30:00+01:00,37.099998474121094,37.20000076293945,37.0,37.150001525878906,6580,0,0
2021-01-11 13:45:00+01:00,37.20000076293945,37.20000076293945,36.900001525878906,37.04999923706055,11806,0,0
2021-01-11 14:00:00+01:00,37.150001525878906,37.150001525878906,37.0,37.0,3596,0,0
2021-01-11 14:15:00+01:00,37.04999923706055,37.349998474121094,36.95000076293945,37.25,20610,0,0
2021-01-11 14:30:00+01:00,37.150001525878906,37.20000076293945,37.0,37.04999923706055,4478,0,0
2021-01-11 14:45:00+01:00,37.04999923706055,37.099998474121094,36.849998474121094,36.900001525878906,12444,0,0
2021-01-11 15:00:00+01:00,36.849998474121094,36.95000076293945,36.54999923706055,36.75,28648,0,0
2021-01-11 15:15:00+01:00,36.650001525878906,36.70000076293945,36.04999923706055,36.20000076293945,32462,0,0
2021-01-11 15:30:00+01:00,36.20000076293945,36.70000076293945,36.099998474121094,36.5,27876,0,0
2021-01-11 15:45:00+01:00,36.599998474121094,36.900001525878906,36.5,36.79999923706055,15590,0,0
2021-01-11 16:00:00+01:00,36.79999923706055,37.25,36.70000076293945,37.20000076293945,27212,0,0
2021-01-11 16:15:00+01:00,37.099998474121094,37.099998474121094,36.95000076293945,36.95000076293945,10300,0,0
2021-01-11 16:30:00+01:00,36.95000076293945,37.0,36.650001525878906,36.849998474121094,28784,0,0
2021-01-11 16:45:00+01:00,36.95000076293945,37.04999923706055,36.79999923706055,37.0,8944,0,0
2021-01-11 17:00:00+01:00,37.0,37.04999923706055,36.75,36.75,10764,0,0
2021-01-11 17:15:00+01:00,36.849998474121094,37.150001525878906,36.79999923706055,36.79999923706055,16380,0,0
2021-01-12 09:00:00+01:00,37.5,37.79999923706055,37.25,37.70000076293945,15852,0,0
2021-01-12 09:15:00+01:00,37.70000076293945,38.45000076293945,37.650001525878906,37.95000076293945,36022,0,0
2021-01-12 09:30:00+01:00,38.099998474121094,38.20000076293945,37.5,37.5,14608,0,0
2021-01-12 09:45:00+01:00,37.5,37.79999923706055,37.29999923706055,37.70000076293945,17364,0,0
2021-01-12 10:00:00+01:00,37.599998474121094,37.70000076293945,37.25,37.29999923706055,17100,0,0
2021-01-12 10:15:00+01:00,37.349998474121094,37.54999923706055,37.099998474121094,37.54999923706055,41844,0,0
2021-01-12 10:30:00+01:00,37.45000076293945,37.849998474121094,37.45000076293945,37.75,16122,0,0
2021-01-12 10:45:00+01:00,37.79999923706055,37.849998474121094,37.54999923706055,37.54999923706055,7618,0,0
2021-01-12 11:00:00+01:00,37.54999923706055,37.900001525878906,37.54999923706055,37.849998474121094,7466,0,0
2021-01-12 11:15:00+01:00,37.900001525878906,38.0,37.849998474121094,37.849998474121094,4418,0,0
2021-01-12 11:30:00+01:00,37.849998474121094,38.20000076293945,37.849998474121094,38.04999923706055,9132,0,0
2021-01-12 11:45:00+01:00,38.099998474121094,38.20000076293945,37.75,37.900001525878906,8378,0,0
2021-01-12 12:00:00+01:00,37.900001525878906,37.900001525878906,37.650001525878906,37.650001525878906,2582,0,0
2021-01-12 12:15:00+01:00,37.650001525878906,37.79999923706055,37.650001525878906,37.75,2172,0,0
2021-01-12 12:30:00+01:00,37.75,37.900001525878906,37.650001525878906,37.79999923706055,1578,0,0
2021-01-12 12:45:00+01:00,37.70000076293945,37.79999923706055,37.70000076293945,37.79999923706055,3076,0,0
2021-01-12 13:00:00+01:00,37.75,37.79999923706055,37.70000076293945,37.70000076293945,1294,0,0
2021-01-12 13:15:00+01:00,37.70000076293945,37.75,37.599998474121094,37.650001525878906,3576,0,0
2021-01-12 13:30:00+01:00,37.54999923706055,37.70000076293945,37.54999923706055,37.70000076293945,2590,0,0
2021-01-12 13:45:00+01:00,37.70000076293945,37.70000076293945,37.599998474121094,37.650001525878906,2128,0,0
2021-01-12 14:00:00+01:00,37.650001525878906,37.70000076293945,37.54999923706055,37.599998474121094,6410,0,0
2021-01-12 14:15:00+01:00,37.599998474121094,37.95000076293945,37.599998474121094,37.900001525878906,8256,0,0
2021-01-12 14:30:00+01:00,37.900001525878906,38.099998474121094,37.849998474121094,38.0,7198,0,0
2021-01-12 14:45:00+01:00,38.0,38.0,37.79999923706055,37.79999923706055,6392,0,0
2021-01-12 15:00:00+01:00,37.79999923706055,38.150001525878906,37.79999923706055,38.150001525878906,5376,0,0
2021-01-12 15:15:00+01:00,38.150001525878906,38.20000076293945,37.95000076293945,38.0,10894,0,0
2021-01-12 15:30:00+01:00,38.04999923706055,38.29999923706055,38.04999923706055,38.20000076293945,10570,0,0
2021-01-12 15:45:00+01:00,38.25,38.25,38.04999923706055,38.099998474121094,6586,0,0
2021-01-12 16:00:00+01:00,38.20000076293945,38.29999923706055,37.95000076293945,38.150001525878906,5708,0,0
2021-01-12 16:15:00+01:00,38.099998474121094,38.20000076293945,38.0,38.150001525878906,7022,0,0
2021-01-12 16:30:00+01:00,38.150001525878906,38.349998474121094,38.150001525878906,38.349998474121094,7616,0,0
2021-01-12 16:45:00+01:00,38.349998474121094,38.400001525878906,38.150001525878906,38.25,9738,0,0
2021-01-12 17:00:00+01:00,38.29999923706055,38.400001525878906,38.20000076293945,38.20000076293945,14272,0,0
2021-01-12 17:15:00+01:00,38.20000076293945,38.349998474121094,37.900001525878906,37.900001525878906,20218,0,0
2021-01-13 09:00:00+01:00,38.79999923706055,39.04999923706055,37.95000076293945,38.04999923706055,26098,0,0
2021-01-13 09:15:00+01:00,38.0,38.099998474121094,37.650001525878906,37.75,22852,0,0
2021-01-13 09:30:00+01:00,37.70000076293945,37.79999923706055,37.650001525878906,37.79999923706055,19974,0,0
2021-01-13 09:45:00+01:00,37.79999923706055,37.849998474121094,37.54999923706055,37.79999923706055,17030,0,0
2021-01-13 10:00:00+01:00,37.79999923706055,37.900001525878906,37.599998474121094,37.70000076293945,13962,0,0
2021-01-13 10:15:00+01:00,37.70000076293945,37.79999923706055,37.400001525878906,37.5,13426,0,0
2021-01-13 10:30:00+01:00,37.5,37.5,37.20000076293945,37.25,16048,0,0
2021-01-13 10:45:00+01:00,37.20000076293945,37.349998474121094,36.849998474121094,37.150001525878906,31544,0,0
2021-01-13 11:00:00+01:00,37.20000076293945,37.400001525878906,37.0,37.400001525878906,9812,0,0
2021-01-13 11:15:00+01:00,37.400001525878906,37.599998474121094,37.400001525878906,37.45000076293945,6466,0,0
2021-01-13 11:30:00+01:00,37.54999923706055,37.54999923706055,37.29999923706055,37.400001525878906,4696,0,0
2021-01-13 11:45:00+01:00,37.29999923706055,37.45000076293945,37.20000076293945,37.349998474121094,6468,0,0
2021-01-13 12:00:00+01:00,37.349998474121094,37.54999923706055,37.20000076293945,37.45000076293945,5368,0,0
2021-01-13 12:15:00+01:00,37.45000076293945,37.5,37.25,37.25,5404,0,0
2021-01-13 12:30:00+01:00,37.25,37.54999923706055,37.25,37.54999923706055,3496,0,0
2021-01-13 12:45:00+01:00,37.400001525878906,37.599998474121094,37.400001525878906,37.54999923706055,1144,0,0
2021-01-13 13:00:00+01:00,37.54999923706055,37.599998474121094,37.400001525878906,37.599998474121094,2970,0,0
2021-01-13 13:15:00+01:00,37.599998474121094,37.900001525878906,37.54999923706055,37.79999923706055,6008,0,0
2021-01-13 13:30:00+01:00,37.75,37.95000076293945,37.70000076293945,37.79999923706055,7188,0,0
2021-01-13 13:45:00+01:00,37.79999923706055,37.95000076293945,37.70000076293945,37.70000076293945,3518,0,0
2021-01-13 14:00:00+01:00,37.650001525878906,37.849998474121094,37.650001525878906,37.75,5314,0,0
2021-01-13 14:15:00+01:00,37.79999923706055,37.900001525878906,37.75,37.75,2062,0,0
2021-01-13 14:30:00+01:00,37.849998474121094,37.95000076293945,37.75,37.79999923706055,5464,0,0
2021-01-13 14:45:00+01:00,37.79999923706055,37.79999923706055,37.650001525878906,37.75,6956,0,0
2021-01-13 15:00:00+01:00,37.849998474121094,37.849998474121094,37.5,37.599998474121094,5754,0,0
2021-01-13 15:15:00+01:00,37.599998474121094,37.70000076293945,37.29999923706055,37.29999923706055,12784,0,0
2021-01-13 15:30:00+01:00,37.29999923706055,37.5,37.25,37.349998474121094,11432,0,0
2021-01-13 15:45:00+01:00,37.29999923706055,37.70000076293945,37.099998474121094,37.099998474121094,36244,0,0
2021-01-13 16:00:00+01:00,37.099998474121094,37.25,36.900001525878906,37.0,29160,0,0
2021-01-13 16:15:00+01:00,37.04999923706055,37.20000076293945,37.04999923706055,37.099998474121094,21378,0,0
2021-01-13 16:30:00+01:00,37.099998474121094,37.20000076293945,37.099998474121094,37.150001525878906,20848,0,0
2021-01-13 16:45:00+01:00,37.150001525878906,37.20000076293945,37.04999923706055,37.099998474121094,17132,0,0
2021-01-13 17:00:00+01:00,37.150001525878906,37.20000076293945,37.0,37.04999923706055,14024,0,0
2021-01-13 17:15:00+01:00,37.04999923706055,37.45000076293945,37.04999923706055,37.400001525878906,25500,0,0
2021-01-14 09:00:00+01:00,38.0,38.0,37.45000076293945,37.900001525878906,7658,0,0
2021-01-14 09:15:00+01:00,37.900001525878906,38.150001525878906,37.75,38.099998474121094,15734,0,0
2021-01-14 09:30:00+01:00,38.150001525878906,38.150001525878906,38.0,38.04999923706055,5966,0,0
2021-01-14 09:45:00+01:00,38.04999923706055,38.599998474121094,38.0,38.349998474121094,30232,0,0
2021-01-14 10:00:00+01:00,38.400001525878906,38.400001525878906,38.150001525878906,38.20000076293945,4942,0,0
2021-01-14 10:15:00+01:00,38.150001525878906,38.25,37.95000076293945,38.04999923706055,7936,0,0
2021-01-14 10:30:00+01:00,38.20000076293945,38.29999923706055,38.04999923706055,38.20000076293945,5294,0,0
2021-01-14 10:45:00+01:00,38.25,38.400001525878906,38.150001525878906,38.400001525878906,6082,0,0
2021-01-14 11:00:00+01:00,38.349998474121094,38.95000076293945,38.349998474121094,38.95000076293945,27198,0,0
2021-01-14 11:15:00+01:00,38.900001525878906,39.0,38.25,38.79999923706055,60664,0,0
2021-01-14 11:30:00+01:00,38.70000076293945,39.0,38.650001525878906,39.0,27524,0,0
2021-01-14 11:45:00+01:00,39.0,39.0,38.29999923706055,38.400001525878906,33062,0,0
2021-01-14 12:00:00+01:00,38.400001525878906,38.75,38.099998474121094,38.150001525878906,28664,0,0
2021-01-14 12:15:00+01:00,38.20000076293945,38.349998474121094,38.04999923706055,38.25,11790,0,0
2021-01-14 12:30:00+01:00,38.349998474121094,38.70000076293945,38.29999923706055,38.70000076293945,3942,0,0
2021-01-14 12:45:00+01:00,38.70000076293945,38.95000076293945,38.599998474121094,38.95000076293945,23956,0,0
2021-01-14 13:00:00+01:00,38.849998474121094,38.849998474121094,38.70000076293945,38.849998474121094,10362,0,0
2021-01-14 13:15:00+01:00,38.849998474121094,39.20000076293945,38.79999923706055,39.150001525878906,56520,0,0
2021-01-14 13:30:00+01:00,39.04999923706055,39.349998474121094,39.04999923706055,39.29999923706055,22286,0,0
2021-01-14 13:45:00+01:00,39.349998474121094,39.45000076293945,39.150001525878906,39.349998474121094,14310,0,0
2021-01-14 14:00:00+01:00,39.349998474121094,39.45000076293945,39.20000076293945,39.400001525878906,18902,0,0
2021-01-14 14:15:00+01:00,39.400001525878906,39.650001525878906,39.349998474121094,39.5,24224,0,0
2021-01-14 14:30:00+01:00,39.5,39.70000076293945,39.400001525878906,39.599998474121094,22848,0,0
2021-01-14 14:45:00+01:00,39.54999923706055,39.75,39.54999923706055,39.650001525878906,12742,0,0
2021-01-14 15:00:00+01:00,39.75,39.75,39.400001525878906,39.599998474121094,11470,0,0
2021-01-14 15:15:00+01:00,39.599998474121094,39.79999923706055,39.5,39.599998474121094,19770,0,0
2021-01-14 15:30:00+01:00,39.599998474121094,40.0,39.599998474121094,39.849998474121094,37552,0,0
2021-01-14 15:45:00+01:00,39.79999923706055,40.0,39.54999923706055,39.849998474121094,29944,0,0
2021-01-14 16:00:00+01:00,39.79999923706055,39.900001525878906,39.70000076293945,39.75,14368,0,0
2021-01-14 16:15:00+01:00,39.75,39.900001525878906,39.70000076293945,39.75,8458,0,0
2021-01-14 16:30:00+01:00,39.70000076293945,39.79999923706055,39.5,39.5,10530,0,0
2021-01-14 16:45:00+01:00,39.45000076293945,39.70000076293945,39.25,39.54999923706055,26956,0,0
2021-01-14 17:00:00+01:00,39.54999923706055,39.70000076293945,39.25,39.5,16986,0,0
2021-01-14 17:15:00+01:00,39.54999923706055,40.150001525878906,39.5,40.099998474121094,57440,0,0
2021-01-15 09:00:00+01:00,40.0,40.0,39.25,39.75,15479,0,0
2021-01-15 09:15:00+01:00,39.54999923706055,39.75,39.29999923706055,39.29999923706055,21236,0,0
2021-01-15 09:30:00+01:00,39.29999923706055,39.29999923706055,38.70000076293945,39.29999923706055,50314,0,0
2021-01-15 09:45:00+01:00,39.29999923706055,39.45000076293945,39.0,39.400001525878906,18580,0,0
2021-01-15 10:00:00+01:00,39.400001525878906,40.20000076293945,39.29999923706055,40.150001525878906,30814,0,0
2021-01-15 10:15:00+01:00,40.150001525878906,40.25,40.0,40.25,9872,0,0
2021-01-15 10:30:00+01:00,40.150001525878906,41.150001525878906,40.150001525878906,41.04999923706055,59286,0,0
2021-01-15 10:45:00+01:00,41.04999923706055,41.70000076293945,41.0,41.099998474121094,38642,0,0
2021-01-15 11:00:00+01:00,41.04999923706055,41.349998474121094,40.70000076293945,40.70000076293945,12444,0,0
2021-01-15 11:15:00+01:00,40.70000076293945,40.70000076293945,40.45000076293945,40.5,4140,0,0
2021-01-15 11:30:00+01:00,40.650001525878906,40.650001525878906,40.150001525878906,40.20000076293945,11986,0,0
2021-01-15 11:45:00+01:00,40.150001525878906,40.400001525878906,40.150001525878906,40.349998474121094,11084,0,0
2021-01-15 12:00:00+01:00,40.29999923706055,40.29999923706055,39.79999923706055,39.95000076293945,17978,0,0
2021-01-15 12:15:00+01:00,39.900001525878906,40.099998474121094,39.900001525878906,40.099998474121094,5600,0,0
2021-01-15 12:30:00+01:00,40.099998474121094,40.099998474121094,39.79999923706055,40.04999923706055,3756,0,0
2021-01-15 12:45:00+01:00,39.95000076293945,40.04999923706055,39.5,39.70000076293945,10576,0,0
2021-01-15 13:00:00+01:00,39.70000076293945,39.79999923706055,39.599998474121094,39.70000076293945,4504,0,0
2021-01-15 13:15:00+01:00,39.650001525878906,39.75,39.099998474121094,39.150001525878906,22060,0,0
2021-01-15 13:30:00+01:00,39.150001525878906,39.349998474121094,39.04999923706055,39.099998474121094,7766,0,0
2021-01-15 13:45:00+01:00,39.099998474121094,39.25,39.04999923706055,39.20000076293945,7000,0,0
2021-01-15 14:00:00+01:00,39.20000076293945,39.5,39.150001525878906,39.400001525878906,3510,0,0
2021-01-15 14:15:00+01:00,39.400001525878906,39.75,39.29999923706055,39.54999923706055,9104,0,0
2021-01-15 14:30:00+01:00,39.650001525878906,39.849998474121094,39.099998474121094,39.20000076293945,16464,0,0
2021-01-15 14:45:00+01:00,39.25,39.29999923706055,39.150001525878906,39.20000076293945,3988,0,0
2021-01-15 15:00:00+01:00,39.20000076293945,39.20000076293945,39.04999923706055,39.150001525878906,9044,0,0
2021-01-15 15:15:00+01:00,39.150001525878906,39.25,38.900001525878906,39.04999923706055,23398,0,0
2021-01-15 15:30:00+01:00,39.099998474121094,39.099998474121094,38.54999923706055,38.599998474121094,27274,0,0
2021-01-15 15:45:00+01:00,38.70000076293945,38.900001525878906,38.650001525878906,38.79999923706055,9264,0,0
2021-01-15 16:00:00+01:00,38.70000076293945,38.79999923706055,38.25,38.400001525878906,24636,0,0
2021-01-15 16:15:00+01:00,38.400001525878906,38.599998474121094,38.099998474121094,38.400001525878906,20550,0,0
2021-01-15 16:30:00+01:00,38.5,38.95000076293945,38.45000076293945,38.95000076293945,19032,0,0
2021-01-15 16:45:00+01:00,38.95000076293945,39.0,38.54999923706055,38.599998474121094,19030,0,0
2021-01-15 17:00:00+01:00,38.54999923706055,38.650001525878906,38.400001525878906,38.5,20408,0,0
2021-01-15 17:15:00+01:00,38.54999923706055,38.650001525878906,38.400001525878906,38.599998474121094,19238,0,0
2021-01-18 09:00:00+01:00,37.79999923706055,37.79999923706055,37.099998474121094,37.150001525878906,32859,0,0
2021-01-18 09:15:00+01:00,37.150001525878906,37.54999923706055,36.29999923706055,36.70000076293945,70676,0,0
2021-01-18 09:30:00+01:00,36.79999923706055,37.04999923706055,36.599998474121094,36.650001525878906,27238,0,0
2021-01-18 09:45:00+01:00,36.650001525878906,37.150001525878906,36.599998474121094,37.150001525878906,18724,0,0
2021-01-18 10:00:00+01:00,37.04999923706055,37.25,36.95000076293945,37.20000076293945,9660,0,0
2021-01-18 10:15:00+01:00,37.099998474121094,37.25,37.04999923706055,37.25,5770,0,0
2021-01-18 10:30:00+01:00,37.29999923706055,37.5,37.20000076293945,37.400001525878906,8990,0,0
2021-01-18 10:45:00+01:00,37.400001525878906,37.54999923706055,37.25,37.29999923706055,13316,0,0
2021-01-18 11:00:00+01:00,37.29999923706055,37.400001525878906,37.150001525878906,37.349998474121094,11012,0,0
2021-01-18 11:15:00+01:00,37.29999923706055,37.29999923706055,37.150001525878906,37.29999923706055,6368,0,0
2021-01-18 11:30:00+01:00,37.150001525878906,37.25,36.849998474121094,36.900001525878906,25128,0,0
2021-01-18 11:45:00+01:00,36.900001525878906,37.099998474121094,36.849998474121094,37.0,11426,0,0
2021-01-18 12:00:00+01:00,36.900001525878906,37.099998474121094,36.849998474121094,37.0,10934,0,0
2021-01-18 12:15:00+01:00,37.0,37.0,36.70000076293945,36.900001525878906,9848,0,0
2021-01-18 12:30:00+01:00,36.79999923706055,37.0,36.79999923706055,36.900001525878906,6190,0,0
2021-01-18 12:45:00+01:00,36.900001525878906,37.20000076293945,36.849998474121094,37.04999923706055,4494,0,0
2021-01-18 13:00:00+01:00,37.04999923706055,37.150001525878906,36.95000076293945,37.0,5988,0,0
2021-01-18 13:15:00+01:00,36.95000076293945,37.04999923706055,36.75,36.75,18566,0,0
2021-01-18 13:30:00+01:00,36.79999923706055,36.900001525878906,36.75,36.75,8856,0,0
2021-01-18 13:45:00+01:00,36.75,36.79999923706055,36.599998474121094,36.599998474121094,15136,0,0
2021-01-18 14:00:00+01:00,36.599998474121094,36.70000076293945,36.5,36.54999923706055,13150,0,0
2021-01-18 14:15:00+01:00,36.650001525878906,36.70000076293945,36.45000076293945,36.599998474121094,27842,0,0
2021-01-18 14:30:00+01:00,36.599998474121094,36.650001525878906,36.400001525878906,36.45000076293945,18642,0,0
2021-01-18 14:45:00+01:00,36.45000076293945,36.70000076293945,36.400001525878906,36.5,13752,0,0
2021-01-18 15:00:00+01:00,36.54999923706055,36.599998474121094,36.400001525878906,36.599998474121094,9348,0,0
2021-01-18 15:15:00+01:00,36.5,36.650001525878906,36.45000076293945,36.599998474121094,6776,0,0
2021-01-18 15:30:00+01:00,36.599998474121094,36.599998474121094,36.45000076293945,36.599998474121094,7418,0,0
2021-01-18 15:45:00+01:00,36.599998474121094,36.70000076293945,36.5,36.650001525878906,7370,0,0
2021-01-18 16:00:00+01:00,36.70000076293945,37.0,36.54999923706055,37.0,26512,0,0
2021-01-18 16:15:00+01:00,36.900001525878906,37.150001525878906,36.900001525878906,37.04999923706055,15072,0,0
2021-01-18 16:30:00+01:00,37.099998474121094,37.099998474121094,36.900001525878906,37.0,6238,0,0
2021-01-18 16:45:00+01:00,37.0,37.0,36.849998474121094,36.95000076293945,9100,0,0
2021-01-18 17:00:00+01:00,36.900001525878906,37.0,36.79999923706055,36.849998474121094,10154,0,0
2021-01-18 17:15:00+01:00,36.79999923706055,37.04999923706055,36.75,37.0,22910,0,0
2021-01-19 09:00:00+01:00,37.599998474121094,37.95000076293945,37.20000076293945,37.400001525878906,26435,0,0
2021-01-19 09:15:00+01:00,37.400001525878906,37.70000076293945,37.349998474121094,37.5,16702,0,0
2021-01-19 09:30:00+01:00,37.45000076293945,37.599998474121094,37.29999923706055,37.400001525878906,76612,0,0
2021-01-19 09:45:00+01:00,37.349998474121094,37.400001525878906,37.099998474121094,37.150001525878906,16976,0,0
2021-01-19 10:00:00+01:00,37.099998474121094,37.150001525878906,36.900001525878906,37.0,14182,0,0
2021-01-19 10:15:00+01:00,37.099998474121094,37.349998474121094,37.04999923706055,37.25,6960,0,0
2021-01-19 10:30:00+01:00,37.25,37.25,36.95000076293945,37.20000076293945,9612,0,0
2021-01-19 10:45:00+01:00,37.150001525878906,37.45000076293945,37.150001525878906,37.45000076293945,5510,0,0
2021-01-19 11:00:00+01:00,37.45000076293945,37.650001525878906,37.25,37.599998474121094,10290,0,0
2021-01-19 11:15:00+01:00,37.599998474121094,37.70000076293945,37.400001525878906,37.650001525878906,6590,0,0
2021-01-19 11:30:00+01:00,37.650001525878906,37.70000076293945,37.5,37.650001525878906,3718,0,0
2021-01-19 11:45:00+01:00,37.650001525878906,37.650001525878906,37.349998474121094,37.349998474121094,4450,0,0
2021-01-19 12:00:00+01:00,37.45000076293945,37.45000076293945,37.29999923706055,37.349998474121094,3676,0,0
2021-01-19 12:15:00+01:00,37.400001525878906,37.400001525878906,37.099998474121094,37.099998474121094,7432,0,0
2021-01-19 12:30:00+01:00,37.099998474121094,37.25,37.0,37.04999923706055,8744,0,0
2021-01-19 12:45:00+01:00,37.0,37.099998474121094,36.95000076293945,37.0,5746,0,0
2021-01-19 13:00:00+01:00,37.0,37.099998474121094,36.900001525878906,37.0,7502,0,0
2021-01-19 13:15:00+01:00,36.95000076293945,37.04999923706055,36.75,36.75,12562,0,0
2021-01-19 13:30:00+01:00,36.79999923706055,36.849998474121094,36.599998474121094,36.599998474121094,6904,0,0
2021-01-19 13:45:00+01:00,36.650001525878906,36.75,36.599998474121094,36.599998474121094,4836,0,0
2021-01-19 14:00:00+01:00,36.70000076293945,36.900001525878906,36.599998474121094,36.900001525878906,8544,0,0
2021-01-19 14:15:00+01:00,36.70000076293945,36.75,36.599998474121094,36.70000076293945,9496,0,0
2021-01-19 14:30:00+01:00,36.70000076293945,36.79999923706055,36.650001525878906,36.70000076293945,5208,0,0
2021-01-19 14:45:00+01:00,36.75,36.849998474121094,36.650001525878906,36.70000076293945,5274,0,0
2021-01-19 15:00:00+01:00,36.70000076293945,36.79999923706055,36.650001525878906,36.75,7712,0,0
2021-01-19 15:15:00+01:00,36.650001525878906,36.79999923706055,36.5,36.650001525878906,19624,0,0
2021-01-19 15:30:00+01:00,36.70000076293945,36.95000076293945,36.650001525878906,36.79999923706055,6414,0,0
2021-01-19 15:45:00+01:00,36.95000076293945,36.95000076293945,36.650001525878906,36.75,4616,0,0
2021-01-19 16:00:00+01:00,36.79999923706055,37.45000076293945,36.650001525878906,37.400001525878906,18548,0,0
2021-01-19 16:15:00+01:00,37.400001525878906,37.79999923706055,37.29999923706055,37.75,26944,0,0
2021-01-19 16:30:00+01:00,37.849998474121094,37.900001525878906,37.650001525878906,37.650001525878906,15726,0,0
2021-01-19 16:45:00+01:00,37.70000076293945,37.79999923706055,37.5,37.5,5676,0,0
2021-01-19 17:00:00+01:00,37.599998474121094,37.70000076293945,37.349998474121094,37.400001525878906,10308,0,0
2021-01-19 17:15:00+01:00,37.400001525878906,37.400001525878906,37.20000076293945,37.25,6576,0,0
2021-01-20 09:00:00+01:00,37.95000076293945,38.150001525878906,37.70000076293945,37.75,1383,0,0
2021-01-20 09:15:00+01:00,37.70000076293945,37.70000076293945,37.099998474121094,37.20000076293945,10851,0,0
2021-01-20 09:30:00+01:00,37.20000076293945,37.20000076293945,36.849998474121094,36.95000076293945,5284,0,0
2021-01-20 09:45:00+01:00,36.95000076293945,37.099998474121094,36.79999923706055,36.79999923706055,5460,0,0
2021-01-20 10:00:00+01:00,36.79999923706055,36.95000076293945,36.70000076293945,36.75,3582,0,0
2021-01-20 10:15:00+01:00,36.79999923706055,37.150001525878906,36.75,36.849998474121094,8002,0,0
2021-01-20 10:30:00+01:00,36.849998474121094,36.849998474121094,36.400001525878906,36.70000076293945,18629,0,0
2021-01-20 10:45:00+01:00,36.75,36.849998474121094,36.75,36.849998474121094,2230,0,0
2021-01-20 11:00:00+01:00,36.79999923706055,37.0,36.79999923706055,36.900001525878906,2129,0,0
2021-01-20 11:15:00+01:00,36.849998474121094,37.0,36.849998474121094,37.0,1722,0,0
2021-01-20 11:30:00+01:00,36.900001525878906,37.04999923706055,36.849998474121094,37.0,2788,0,0
2021-01-20 11:45:00+01:00,37.0,37.0,36.900001525878906,37.0,1853,0,0
2021-01-20 12:00:00+01:00,37.0,37.20000076293945,37.0,37.150001525878906,2233,0,0
2021-01-20 12:15:00+01:00,37.099998474121094,37.099998474121094,37.04999923706055,37.099998474121094,759,0,0
2021-01-20 12:30:00+01:00,37.099998474121094,37.099998474121094,37.04999923706055,37.04999923706055,1426,0,0
2021-01-20 12:45:00+01:00,37.04999923706055,37.04999923706055,36.900001525878906,36.900001525878906,2949,0,0
2021-01-20 13:00:00+01:00,36.95000076293945,37.099998474121094,36.849998474121094,37.099998474121094,2649,0,0
2021-01-20 13:15:00+01:00,37.099998474121094,37.099998474121094,37.0,37.04999923706055,2778,0,0
2021-01-20 13:30:00+01:00,37.04999923706055,37.150001525878906,37.04999923706055,37.099998474121094,808,0,0
2021-01-20 13:45:00+01:00,37.04999923706055,37.04999923706055,36.900001525878906,37.0,3180,0,0
2021-01-20 14:00:00+01:00,36.95000076293945,36.95000076293945,36.70000076293945,36.79999923706055,3413,0,0
2021-01-20 14:15:00+01:00,36.79999923706055,36.849998474121094,36.75,36.849998474121094,1582,0,0
2021-01-20 14:30:00+01:00,36.849998474121094,36.900001525878906,36.75,36.79999923706055,1472,0,0
2021-01-20 14:45:00+01:00,36.79999923706055,36.95000076293945,36.70000076293945,36.849998474121094,2149,0,0
2021-01-20 15:00:00+01:00,36.849998474121094,36.849998474121094,36.54999923706055,36.650001525878906,4242,0,0
2021-01-20 15:15:00+01:00,36.650001525878906,36.75,36.599998474121094,36.599998474121094,3104,0,0
2021-01-20 15:30:00+01:00,36.650001525878906,36.70000076293945,36.599998474121094,36.650001525878906,2907,0,0
2021-01-20 15:45:00+01:00,36.650001525878906,36.900001525878906,36.650001525878906,36.79999923706055,4196,0,0
2021-01-20 16:00:00+01:00,36.79999923706055,36.849998474121094,36.650001525878906,36.849998474121094,4954,0,0
2021-01-20 16:15:00+01:00,36.849998474121094,36.900001525878906,36.54999923706055,36.70000076293945,6946,0,0
2021-01-20 16:30:00+01:00,36.70000076293945,36.70000076293945,36.5,36.54999923706055,5972,0,0
2021-01-20 16:45:00+01:00,36.54999923706055,36.650001525878906,36.5,36.54999923706055,4122,0,0
2021-01-20 17:00:00+01:00,36.54999923706055,36.599998474121094,36.45000076293945,36.5,15578,0,0
2021-01-20 17:15:00+01:00,36.5,36.54999923706055,36.45000076293945,36.45000076293945,2630,0,0
